line_station_id,line_id,station_id,sequence_order,is_terminus,avg_dwell_time_sec
LS0001,L001,ST0096,1,True,50
LS0002,L001,ST0012,2,False,41
LS0003,L001,ST0149,3,False,36
LS0004,L001,ST0204,4,False,36
LS0005,L001,ST0162,5,False,50
LS0006,L001,ST0209,6,False,55
LS0007,L001,ST0025,7,False,34
LS0008,L001,ST0142,8,False,48
LS0009,L001,ST0166,9,False,46
LS0010,L001,ST0202,10,False,55
LS0011,L001,ST0168,11,False,36
LS0012,L001,ST0110,12,False,21
LS0013,L001,ST0224,13,False,60
LS0014,L001,ST0154,14,True,30
LS0015,L002,ST0162,1,True,52
LS0016,L002,ST0214,2,False,40
LS0017,L002,ST0134,3,False,44
LS0018,L002,ST0100,4,False,50
LS0019,L002,ST0187,5,False,41
LS0020,L002,ST0209,6,False,34
LS0021,L002,ST0164,7,False,33
LS0022,L002,ST0047,8,False,56
LS0023,L002,ST0227,9,True,56
LS0024,L003,ST0207,1,True,24
LS0025,L003,ST0046,2,False,25
LS0026,L003,ST0202,3,False,20
LS0027,L003,ST0186,4,False,21
LS0028,L003,ST0247,5,False,44
LS0029,L003,ST0214,6,False,42
LS0030,L003,ST0103,7,False,26
LS0031,L003,ST0097,8,False,25
LS0032,L003,ST0140,9,False,53
LS0033,L003,ST0057,10,False,45
LS0034,L003,ST0200,11,False,26
LS0035,L003,ST0193,12,False,39
LS0036,L003,ST0078,13,False,50
LS0037,L003,ST0233,14,True,29
LS0038,L004,ST0225,1,True,32
LS0039,L004,ST0150,2,False,37
LS0040,L004,ST0107,3,False,34
LS0041,L004,ST0231,4,False,35
LS0042,L004,ST0244,5,False,37
LS0043,L004,ST0108,6,False,45
LS0044,L004,ST0117,7,False,37
LS0045,L004,ST0153,8,False,40
LS0046,L004,ST0040,9,False,40
LS0047,L004,ST0173,10,False,39
LS0048,L004,ST0166,11,False,50
LS0049,L004,ST0215,12,False,27
LS0050,L004,ST0013,13,False,55
LS0051,L004,ST0211,14,False,28
LS0052,L004,ST0056,15,False,40
LS0053,L004,ST0125,16,False,51
LS0054,L004,ST0181,17,False,41
LS0055,L004,ST0205,18,False,38
LS0056,L004,ST0235,19,True,49
LS0057,L005,ST0075,1,True,39
LS0058,L005,ST0092,2,False,51
LS0059,L005,ST0010,3,False,20
LS0060,L005,ST0142,4,False,34
LS0061,L005,ST0040,5,False,56
LS0062,L005,ST0145,6,False,39
LS0063,L005,ST0062,7,False,37
LS0064,L005,ST0021,8,False,56
LS0065,L005,ST0032,9,False,48
LS0066,L005,ST0226,10,True,57
LS0067,L006,ST0101,1,True,44
LS0068,L006,ST0151,2,False,48
LS0069,L006,ST0013,3,False,27
LS0070,L006,ST0103,4,False,24
LS0071,L006,ST0092,5,False,57
LS0072,L006,ST0087,6,False,30
LS0073,L006,ST0158,7,False,51
LS0074,L006,ST0133,8,False,53
LS0075,L006,ST0214,9,False,46
LS0076,L006,ST0237,10,False,32
LS0077,L006,ST0230,11,False,24
LS0078,L006,ST0141,12,False,46
LS0079,L006,ST0225,13,False,48
LS0080,L006,ST0235,14,False,40
LS0081,L006,ST0185,15,False,42
LS0082,L006,ST0163,16,False,33
LS0083,L006,ST0203,17,False,28
LS0084,L006,ST0221,18,False,33
LS0085,L006,ST0111,19,False,36
LS0086,L006,ST0166,20,False,20
LS0087,L006,ST0136,21,False,37
LS0088,L006,ST0156,22,False,46
LS0089,L006,ST0034,23,False,50
LS0090,L006,ST0121,24,False,38
LS0091,L006,ST0143,25,False,21
LS0092,L006,ST0055,26,False,41
LS0093,L006,ST0113,27,True,55
LS0094,L007,ST0008,1,True,50
LS0095,L007,ST0051,2,False,23
LS0096,L007,ST0041,3,False,44
LS0097,L007,ST0149,4,False,21
LS0098,L007,ST0178,5,False,31
LS0099,L007,ST0215,6,False,34
LS0100,L007,ST0136,7,False,35
LS0101,L007,ST0125,8,False,41
LS0102,L007,ST0028,9,False,52
LS0103,L007,ST0052,10,False,21
LS0104,L007,ST0085,11,False,56
LS0105,L007,ST0017,12,False,54
LS0106,L007,ST0101,13,False,30
LS0107,L007,ST0208,14,False,34
LS0108,L007,ST0240,15,False,60
LS0109,L007,ST0004,16,False,21
LS0110,L007,ST0114,17,False,54
LS0111,L007,ST0083,18,False,33
LS0112,L007,ST0129,19,False,23
LS0113,L007,ST0243,20,False,39
LS0114,L007,ST0213,21,False,47
LS0115,L007,ST0053,22,False,27
LS0116,L007,ST0194,23,True,45
LS0117,L008,ST0230,1,True,55
LS0118,L008,ST0013,2,False,31
LS0119,L008,ST0121,3,False,55
LS0120,L008,ST0193,4,False,40
LS0121,L008,ST0237,5,False,35
LS0122,L008,ST0201,6,False,44
LS0123,L008,ST0065,7,False,27
LS0124,L008,ST0033,8,False,22
LS0125,L008,ST0029,9,False,30
LS0126,L008,ST0139,10,False,26
LS0127,L008,ST0155,11,False,29
LS0128,L008,ST0180,12,False,34
LS0129,L008,ST0208,13,True,28
LS0130,L009,ST0133,1,True,26
LS0131,L009,ST0020,2,False,24
LS0132,L009,ST0019,3,False,45
LS0133,L009,ST0130,4,False,51
LS0134,L009,ST0146,5,False,46
LS0135,L009,ST0164,6,False,30
LS0136,L009,ST0155,7,False,49
LS0137,L009,ST0009,8,False,24
LS0138,L009,ST0102,9,False,48
LS0139,L009,ST0026,10,False,38
LS0140,L009,ST0082,11,False,59
LS0141,L009,ST0139,12,False,32
LS0142,L009,ST0066,13,False,41
LS0143,L009,ST0064,14,False,25
LS0144,L009,ST0121,15,False,59
LS0145,L009,ST0060,16,False,54
LS0146,L009,ST0240,17,False,58
LS0147,L009,ST0030,18,False,55
LS0148,L009,ST0211,19,False,52
LS0149,L009,ST0118,20,True,37
LS0150,L010,ST0244,1,True,34
LS0151,L010,ST0078,2,False,55
LS0152,L010,ST0086,3,False,51
LS0153,L010,ST0216,4,False,40
LS0154,L010,ST0084,5,False,56
LS0155,L010,ST0075,6,False,22
LS0156,L010,ST0056,7,False,43
LS0157,L010,ST0128,8,False,38
LS0158,L010,ST0077,9,False,56
LS0159,L010,ST0049,10,False,21
LS0160,L010,ST0169,11,False,57
LS0161,L010,ST0159,12,False,30
LS0162,L010,ST0146,13,False,21
LS0163,L010,ST0030,14,True,21
LS0164,L011,ST0160,1,True,46
LS0165,L011,ST0242,2,False,46
LS0166,L011,ST0063,3,False,35
LS0167,L011,ST0245,4,False,35
LS0168,L011,ST0044,5,False,48
LS0169,L011,ST0035,6,False,28
LS0170,L011,ST0065,7,False,57
LS0171,L011,ST0062,8,False,37
LS0172,L011,ST0097,9,False,58
LS0173,L011,ST0199,10,False,55
LS0174,L011,ST0020,11,False,21
LS0175,L011,ST0223,12,False,23
LS0176,L011,ST0042,13,False,33
LS0177,L011,ST0238,14,True,50
LS0178,L012,ST0015,1,True,28
LS0179,L012,ST0216,2,False,55
LS0180,L012,ST0112,3,False,52
LS0181,L012,ST0230,4,False,50
LS0182,L012,ST0009,5,False,50
LS0183,L012,ST0024,6,False,38
LS0184,L012,ST0095,7,False,52
LS0185,L012,ST0172,8,False,43
LS0186,L012,ST0088,9,False,53
LS0187,L012,ST0093,10,False,56
LS0188,L012,ST0159,11,False,24
LS0189,L012,ST0160,12,False,24
LS0190,L012,ST0046,13,False,36
LS0191,L012,ST0205,14,False,32
LS0192,L012,ST0105,15,False,32
LS0193,L012,ST0097,16,False,31
LS0194,L012,ST0050,17,False,32
LS0195,L012,ST0174,18,False,49
LS0196,L012,ST0217,19,False,58
LS0197,L012,ST0203,20,False,57
LS0198,L012,ST0071,21,False,33
LS0199,L012,ST0038,22,False,41
LS0200,L012,ST0222,23,False,22
LS0201,L012,ST0124,24,False,26
LS0202,L012,ST0057,25,False,48
LS0203,L012,ST0166,26,False,44
LS0204,L012,ST0176,27,False,60
LS0205,L012,ST0207,28,False,56
LS0206,L012,ST0238,29,True,21
LS0207,L013,ST0137,1,True,39
LS0208,L013,ST0029,2,False,37
LS0209,L013,ST0007,3,False,33
LS0210,L013,ST0106,4,False,33
LS0211,L013,ST0178,5,False,27
LS0212,L013,ST0187,6,False,43
LS0213,L013,ST0198,7,False,27
LS0214,L013,ST0126,8,False,37
LS0215,L013,ST0072,9,False,50
LS0216,L013,ST0205,10,False,54
LS0217,L013,ST0226,11,False,43
LS0218,L013,ST0230,12,False,22
LS0219,L013,ST0019,13,False,31
LS0220,L013,ST0190,14,False,26
LS0221,L013,ST0231,15,True,38
LS0222,L014,ST0215,1,True,53
LS0223,L014,ST0180,2,False,35
LS0224,L014,ST0160,3,False,48
LS0225,L014,ST0235,4,False,32
LS0226,L014,ST0121,5,False,55
LS0227,L014,ST0207,6,False,30
LS0228,L014,ST0021,7,False,46
LS0229,L014,ST0242,8,True,20
LS0230,L015,ST0150,1,True,53
LS0231,L015,ST0093,2,False,50
LS0232,L015,ST0221,3,False,51
LS0233,L015,ST0122,4,False,27
LS0234,L015,ST0232,5,False,28
LS0235,L015,ST0084,6,False,52
LS0236,L015,ST0037,7,False,44
LS0237,L015,ST0011,8,False,21
LS0238,L015,ST0099,9,False,46
LS0239,L015,ST0095,10,False,47
LS0240,L015,ST0046,11,False,59
LS0241,L015,ST0176,12,False,37
LS0242,L015,ST0085,13,False,54
LS0243,L015,ST0220,14,True,58
LS0244,L016,ST0016,1,True,59
LS0245,L016,ST0042,2,False,26
LS0246,L016,ST0207,3,False,48
LS0247,L016,ST0100,4,False,56
LS0248,L016,ST0142,5,False,38
LS0249,L016,ST0044,6,False,35
LS0250,L016,ST0061,7,False,50
LS0251,L016,ST0159,8,False,35
LS0252,L016,ST0111,9,False,28
LS0253,L016,ST0149,10,False,37
LS0254,L016,ST0117,11,False,51
LS0255,L016,ST0063,12,False,38
LS0256,L016,ST0221,13,False,53
LS0257,L016,ST0013,14,False,51
LS0258,L016,ST0178,15,False,59
LS0259,L016,ST0132,16,False,30
LS0260,L016,ST0219,17,False,43
LS0261,L016,ST0076,18,False,34
LS0262,L016,ST0068,19,False,32
LS0263,L016,ST0129,20,False,40
LS0264,L016,ST0048,21,False,54
LS0265,L016,ST0246,22,False,21
LS0266,L016,ST0084,23,False,27
LS0267,L016,ST0209,24,True,59
LS0268,L017,ST0048,1,True,36
LS0269,L017,ST0071,2,False,52
LS0270,L017,ST0036,3,False,50
LS0271,L017,ST0223,4,False,20
LS0272,L017,ST0172,5,False,23
LS0273,L017,ST0097,6,False,31
LS0274,L017,ST0100,7,False,38
LS0275,L017,ST0218,8,False,30
LS0276,L017,ST0195,9,False,45
LS0277,L017,ST0185,10,False,60
LS0278,L017,ST0064,11,False,52
LS0279,L017,ST0168,12,False,39
LS0280,L017,ST0072,13,False,30
LS0281,L017,ST0182,14,False,50
LS0282,L017,ST0163,15,False,56
LS0283,L017,ST0102,16,False,23
LS0284,L017,ST0180,17,False,21
LS0285,L017,ST0141,18,False,23
LS0286,L017,ST0028,19,False,58
LS0287,L017,ST0142,20,False,25
LS0288,L017,ST0156,21,False,50
LS0289,L017,ST0134,22,False,23
LS0290,L017,ST0094,23,False,32
LS0291,L017,ST0167,24,False,52
LS0292,L017,ST0137,25,False,35
LS0293,L017,ST0189,26,False,52
LS0294,L017,ST0031,27,False,52
LS0295,L017,ST0171,28,True,39
LS0296,L018,ST0217,1,True,46
LS0297,L018,ST0228,2,False,55
LS0298,L018,ST0168,3,False,46
LS0299,L018,ST0136,4,False,53
LS0300,L018,ST0113,5,False,40
LS0301,L018,ST0140,6,False,46
LS0302,L018,ST0055,7,False,52
LS0303,L018,ST0207,8,False,32
LS0304,L018,ST0245,9,False,22
LS0305,L018,ST0174,10,False,40
LS0306,L018,ST0101,11,False,53
LS0307,L018,ST0197,12,False,37
LS0308,L018,ST0121,13,True,41
LS0309,L019,ST0035,1,True,51
LS0310,L019,ST0214,2,False,27
LS0311,L019,ST0028,3,False,45
LS0312,L019,ST0034,4,False,50
LS0313,L019,ST0108,5,False,37
LS0314,L019,ST0039,6,False,29
LS0315,L019,ST0226,7,False,48
LS0316,L019,ST0113,8,False,41
LS0317,L019,ST0177,9,False,57
LS0318,L019,ST0033,10,False,46
LS0319,L019,ST0225,11,False,29
LS0320,L019,ST0070,12,False,22
LS0321,L019,ST0167,13,False,32
LS0322,L019,ST0168,14,False,20
LS0323,L019,ST0091,15,False,60
LS0324,L019,ST0190,16,False,50
LS0325,L019,ST0244,17,False,41
LS0326,L019,ST0118,18,True,32
LS0327,L020,ST0145,1,True,49
LS0328,L020,ST0143,2,False,30
LS0329,L020,ST0160,3,False,24
LS0330,L020,ST0066,4,False,53
LS0331,L020,ST0131,5,False,47
LS0332,L020,ST0126,6,False,29
LS0333,L020,ST0068,7,False,50
LS0334,L020,ST0050,8,False,25
LS0335,L020,ST0122,9,False,33
LS0336,L020,ST0241,10,False,26
LS0337,L020,ST0172,11,False,50
LS0338,L020,ST0227,12,False,60
LS0339,L020,ST0231,13,False,49
LS0340,L020,ST0157,14,False,39
LS0341,L020,ST0041,15,False,34
LS0342,L020,ST0003,16,False,59
LS0343,L020,ST0240,17,False,26
LS0344,L020,ST0221,18,False,55
LS0345,L020,ST0169,19,False,27
LS0346,L020,ST0027,20,False,28
LS0347,L020,ST0002,21,False,51
LS0348,L020,ST0044,22,False,22
LS0349,L020,ST0099,23,False,31
LS0350,L020,ST0139,24,False,50
LS0351,L020,ST0198,25,False,21
LS0352,L020,ST0098,26,False,45
LS0353,L020,ST0163,27,False,44
LS0354,L020,ST0107,28,True,25
LS0355,L021,ST0150,1,True,50
LS0356,L021,ST0174,2,False,37
LS0357,L021,ST0122,3,False,40
LS0358,L021,ST0042,4,False,40
LS0359,L021,ST0099,5,False,41
LS0360,L021,ST0114,6,False,50
LS0361,L021,ST0156,7,False,32
LS0362,L021,ST0141,8,False,24
LS0363,L021,ST0024,9,True,42
LS0364,L022,ST0175,1,True,34
LS0365,L022,ST0215,2,False,25
LS0366,L022,ST0017,3,False,46
LS0367,L022,ST0040,4,False,23
LS0368,L022,ST0168,5,False,42
LS0369,L022,ST0177,6,False,46
LS0370,L022,ST0015,7,False,36
LS0371,L022,ST0032,8,False,20
LS0372,L022,ST0179,9,False,21
LS0373,L022,ST0034,10,False,20
LS0374,L022,ST0077,11,True,38
LS0375,L023,ST0015,1,True,52
LS0376,L023,ST0192,2,False,55
LS0377,L023,ST0201,3,False,52
LS0378,L023,ST0170,4,False,59
LS0379,L023,ST0139,5,False,43
LS0380,L023,ST0151,6,False,26
LS0381,L023,ST0124,7,False,36
LS0382,L023,ST0205,8,False,29
LS0383,L023,ST0163,9,False,20
LS0384,L023,ST0225,10,False,21
LS0385,L023,ST0220,11,False,41
LS0386,L023,ST0185,12,False,55
LS0387,L023,ST0197,13,False,26
LS0388,L023,ST0198,14,False,47
LS0389,L023,ST0002,15,True,53
LS0390,L024,ST0176,1,True,55
LS0391,L024,ST0037,2,False,23
LS0392,L024,ST0104,3,False,59
LS0393,L024,ST0004,4,False,48
LS0394,L024,ST0140,5,False,32
LS0395,L024,ST0205,6,False,21
LS0396,L024,ST0246,7,False,45
LS0397,L024,ST0072,8,False,24
LS0398,L024,ST0196,9,False,35
LS0399,L024,ST0169,10,False,47
LS0400,L024,ST0076,11,False,40
LS0401,L024,ST0066,12,False,57
LS0402,L024,ST0070,13,False,37
LS0403,L024,ST0231,14,True,55
LS0404,L025,ST0164,1,True,25
LS0405,L025,ST0021,2,False,22
LS0406,L025,ST0078,3,False,21
LS0407,L025,ST0151,4,False,47
LS0408,L025,ST0030,5,False,58
LS0409,L025,ST0115,6,False,52
LS0410,L025,ST0043,7,False,56
LS0411,L025,ST0207,8,False,45
LS0412,L025,ST0038,9,False,37
LS0413,L025,ST0157,10,False,59
LS0414,L025,ST0141,11,False,60
LS0415,L025,ST0020,12,False,39
LS0416,L025,ST0114,13,False,20
LS0417,L025,ST0128,14,False,49
LS0418,L025,ST0178,15,True,21
LS0419,L026,ST0094,1,True,35
LS0420,L026,ST0033,2,False,56
LS0421,L026,ST0089,3,False,35
LS0422,L026,ST0145,4,False,39
LS0423,L026,ST0062,5,False,58
LS0424,L026,ST0110,6,False,51
LS0425,L026,ST0100,7,False,45
LS0426,L026,ST0141,8,False,26
LS0427,L026,ST0135,9,False,53
LS0428,L026,ST0057,10,False,34
LS0429,L026,ST0044,11,False,47
LS0430,L026,ST0148,12,False,30
LS0431,L026,ST0051,13,False,50
LS0432,L026,ST0201,14,False,36
LS0433,L026,ST0118,15,False,53
LS0434,L026,ST0029,16,False,29
LS0435,L026,ST0031,17,False,51
LS0436,L026,ST0154,18,False,29
LS0437,L026,ST0140,19,False,37
LS0438,L026,ST0143,20,False,27
LS0439,L026,ST0068,21,False,51
LS0440,L026,ST0080,22,False,33
LS0441,L026,ST0142,23,False,50
LS0442,L026,ST0064,24,False,51
LS0443,L026,ST0113,25,False,36
LS0444,L026,ST0127,26,False,52
LS0445,L026,ST0208,27,False,59
LS0446,L026,ST0016,28,False,35
LS0447,L026,ST0183,29,False,27
LS0448,L026,ST0178,30,True,32
LS0449,L027,ST0209,1,True,39
LS0450,L027,ST0247,2,False,34
LS0451,L027,ST0219,3,False,40
LS0452,L027,ST0106,4,False,47
LS0453,L027,ST0032,5,False,28
LS0454,L027,ST0036,6,False,44
LS0455,L027,ST0080,7,False,35
LS0456,L027,ST0053,8,False,46
LS0457,L027,ST0172,9,True,52
LS0458,L028,ST0133,1,True,48
LS0459,L028,ST0029,2,False,28
LS0460,L028,ST0221,3,False,45
LS0461,L028,ST0244,4,False,45
LS0462,L028,ST0039,5,False,35
LS0463,L028,ST0113,6,False,47
LS0464,L028,ST0117,7,False,32
LS0465,L028,ST0103,8,False,40
LS0466,L028,ST0020,9,False,20
LS0467,L028,ST0075,10,False,45
LS0468,L028,ST0052,11,False,32
LS0469,L028,ST0084,12,False,55
LS0470,L028,ST0198,13,False,26
LS0471,L028,ST0166,14,False,57
LS0472,L028,ST0163,15,False,23
LS0473,L028,ST0120,16,False,21
LS0474,L028,ST0192,17,True,48
LS0475,L029,ST0213,1,True,39
LS0476,L029,ST0174,2,False,54
LS0477,L029,ST0153,3,False,29
LS0478,L029,ST0128,4,False,47
LS0479,L029,ST0180,5,False,32
LS0480,L029,ST0134,6,False,48
LS0481,L029,ST0104,7,False,31
LS0482,L029,ST0111,8,False,47
LS0483,L029,ST0186,9,True,56
LS0484,L030,ST0006,1,True,29
LS0485,L030,ST0244,2,False,39
LS0486,L030,ST0078,3,False,60
LS0487,L030,ST0086,4,False,28
LS0488,L030,ST0102,5,False,31
LS0489,L030,ST0087,6,False,22
LS0490,L030,ST0098,7,False,25
LS0491,L030,ST0232,8,False,33
LS0492,L030,ST0093,9,False,36
LS0493,L030,ST0146,10,False,35
LS0494,L030,ST0136,11,False,27
LS0495,L030,ST0057,12,False,32
LS0496,L030,ST0042,13,False,29
LS0497,L030,ST0158,14,False,50
LS0498,L030,ST0185,15,False,26
LS0499,L030,ST0099,16,False,28
LS0500,L030,ST0044,17,False,36
LS0501,L030,ST0131,18,False,34
LS0502,L030,ST0154,19,False,24
LS0503,L030,ST0122,20,False,29
LS0504,L030,ST0079,21,True,28
LS0505,L031,ST0152,1,True,43
LS0506,L031,ST0233,2,False,32
LS0507,L031,ST0091,3,False,31
LS0508,L031,ST0245,4,False,27
LS0509,L031,ST0065,5,False,31
LS0510,L031,ST0219,6,False,30
LS0511,L031,ST0063,7,False,40
LS0512,L031,ST0220,8,False,38
LS0513,L031,ST0073,9,False,55
LS0514,L031,ST0020,10,False,22
LS0515,L031,ST0079,11,False,45
LS0516,L031,ST0083,12,True,58
LS0517,L032,ST0069,1,True,42
LS0518,L032,ST0097,2,False,21
LS0519,L032,ST0201,3,False,51
LS0520,L032,ST0018,4,False,53
LS0521,L032,ST0145,5,False,36
LS0522,L032,ST0123,6,False,27
LS0523,L032,ST0100,7,False,29
LS0524,L032,ST0224,8,False,30
LS0525,L032,ST0159,9,False,46
LS0526,L032,ST0059,10,False,27
LS0527,L032,ST0160,11,False,44
LS0528,L032,ST0149,12,False,34
LS0529,L032,ST0230,13,False,44
LS0530,L032,ST0099,14,False,39
LS0531,L032,ST0028,15,False,45
LS0532,L032,ST0211,16,False,34
LS0533,L032,ST0229,17,False,41
LS0534,L032,ST0043,18,False,28
LS0535,L032,ST0155,19,False,25
LS0536,L032,ST0179,20,False,54
LS0537,L032,ST0026,21,False,31
LS0538,L032,ST0127,22,False,44
LS0539,L032,ST0206,23,False,35
LS0540,L032,ST0094,24,False,50
LS0541,L032,ST0210,25,False,60
LS0542,L032,ST0234,26,True,26
LS0543,L033,ST0193,1,True,46
LS0544,L033,ST0054,2,False,52
LS0545,L033,ST0019,3,False,38
LS0546,L033,ST0238,4,False,40
LS0547,L033,ST0106,5,False,37
LS0548,L033,ST0128,6,False,49
LS0549,L033,ST0142,7,False,55
LS0550,L033,ST0025,8,False,50
LS0551,L033,ST0042,9,False,21
LS0552,L033,ST0105,10,False,57
LS0553,L033,ST0245,11,False,55
LS0554,L033,ST0212,12,False,42
LS0555,L033,ST0185,13,False,28
LS0556,L033,ST0233,14,False,30
LS0557,L033,ST0026,15,False,59
LS0558,L033,ST0160,16,False,37
LS0559,L033,ST0034,17,False,58
LS0560,L033,ST0237,18,False,48
LS0561,L033,ST0127,19,False,31
LS0562,L033,ST0043,20,False,20
LS0563,L033,ST0235,21,False,32
LS0564,L033,ST0120,22,False,43
LS0565,L033,ST0171,23,False,29
LS0566,L033,ST0022,24,False,27
LS0567,L033,ST0209,25,False,57
LS0568,L033,ST0157,26,False,25
LS0569,L033,ST0153,27,False,58
LS0570,L033,ST0079,28,False,41
LS0571,L033,ST0197,29,True,52
LS0572,L034,ST0128,1,True,56
LS0573,L034,ST0201,2,False,56
LS0574,L034,ST0209,3,False,30
LS0575,L034,ST0179,4,False,46
LS0576,L034,ST0060,5,False,41
LS0577,L034,ST0021,6,False,37
LS0578,L034,ST0126,7,False,22
LS0579,L034,ST0057,8,False,39
LS0580,L034,ST0048,9,False,29
LS0581,L034,ST0030,10,True,24
LS0582,L035,ST0146,1,True,23
LS0583,L035,ST0126,2,False,24
LS0584,L035,ST0216,3,False,22
LS0585,L035,ST0177,4,False,39
LS0586,L035,ST0080,5,False,36
LS0587,L035,ST0167,6,False,20
LS0588,L035,ST0171,7,False,39
LS0589,L035,ST0238,8,False,49
LS0590,L035,ST0054,9,False,37
LS0591,L035,ST0002,10,False,28
LS0592,L035,ST0102,11,False,29
LS0593,L035,ST0031,12,False,42
LS0594,L035,ST0166,13,False,29
LS0595,L035,ST0049,14,False,40
LS0596,L035,ST0073,15,False,38
LS0597,L035,ST0197,16,False,45
LS0598,L035,ST0036,17,False,25
LS0599,L035,ST0180,18,False,28
LS0600,L035,ST0038,19,False,55
LS0601,L035,ST0133,20,False,28
LS0602,L035,ST0209,21,False,29
LS0603,L035,ST0129,22,False,48
LS0604,L035,ST0150,23,False,46
LS0605,L035,ST0053,24,False,36
LS0606,L035,ST0144,25,False,36
LS0607,L035,ST0184,26,False,27
LS0608,L035,ST0175,27,False,23
LS0609,L035,ST0228,28,False,32
LS0610,L035,ST0028,29,False,59
LS0611,L035,ST0116,30,True,44
LS0612,L036,ST0242,1,True,59
LS0613,L036,ST0161,2,False,54
LS0614,L036,ST0201,3,False,43
LS0615,L036,ST0147,4,False,34
LS0616,L036,ST0175,5,False,33
LS0617,L036,ST0111,6,False,36
LS0618,L036,ST0136,7,False,49
LS0619,L036,ST0134,8,False,39
LS0620,L036,ST0095,9,False,22
LS0621,L036,ST0204,10,False,55
LS0622,L036,ST0235,11,False,41
LS0623,L036,ST0165,12,False,43
LS0624,L036,ST0104,13,False,60
LS0625,L036,ST0044,14,False,56
LS0626,L036,ST0124,15,False,60
LS0627,L036,ST0178,16,False,28
LS0628,L036,ST0021,17,False,60
LS0629,L036,ST0118,18,False,26
LS0630,L036,ST0245,19,False,26
LS0631,L036,ST0003,20,False,29
LS0632,L036,ST0036,21,False,24
LS0633,L036,ST0236,22,False,21
LS0634,L036,ST0031,23,False,43
LS0635,L036,ST0080,24,False,30
LS0636,L036,ST0043,25,False,48
LS0637,L036,ST0070,26,False,54
LS0638,L036,ST0141,27,False,50
LS0639,L036,ST0127,28,False,21
LS0640,L036,ST0079,29,True,22
LS0641,L037,ST0152,1,True,47
LS0642,L037,ST0169,2,False,27
LS0643,L037,ST0046,3,False,50
LS0644,L037,ST0166,4,False,40
LS0645,L037,ST0198,5,False,51
LS0646,L037,ST0085,6,False,22
LS0647,L037,ST0238,7,False,25
LS0648,L037,ST0028,8,False,49
LS0649,L037,ST0191,9,False,45
LS0650,L037,ST0050,10,False,48
LS0651,L037,ST0128,11,False,44
LS0652,L037,ST0228,12,False,50
LS0653,L037,ST0170,13,True,51
LS0654,L038,ST0219,1,True,48
LS0655,L038,ST0037,2,False,57
LS0656,L038,ST0247,3,False,56
LS0657,L038,ST0153,4,False,34
LS0658,L038,ST0167,5,False,39
LS0659,L038,ST0069,6,False,42
LS0660,L038,ST0228,7,False,31
LS0661,L038,ST0061,8,False,46
LS0662,L038,ST0025,9,False,30
LS0663,L038,ST0164,10,False,29
LS0664,L038,ST0013,11,False,31
LS0665,L038,ST0058,12,False,54
LS0666,L038,ST0221,13,False,60
LS0667,L038,ST0072,14,False,50
LS0668,L038,ST0077,15,False,39
LS0669,L038,ST0083,16,False,49
LS0670,L038,ST0027,17,False,34
LS0671,L038,ST0064,18,False,43
LS0672,L038,ST0149,19,True,30
LS0673,L039,ST0173,1,True,30
LS0674,L039,ST0213,2,False,22
LS0675,L039,ST0043,3,False,20
LS0676,L039,ST0042,4,False,33
LS0677,L039,ST0123,5,False,36
LS0678,L039,ST0182,6,False,21
LS0679,L039,ST0239,7,False,56
LS0680,L039,ST0208,8,False,23
LS0681,L039,ST0235,9,False,22
LS0682,L039,ST0241,10,False,54
LS0683,L039,ST0145,11,False,47
LS0684,L039,ST0131,12,False,27
LS0685,L039,ST0203,13,False,43
LS0686,L039,ST0225,14,False,46
LS0687,L039,ST0220,15,False,26
LS0688,L039,ST0170,16,False,31
LS0689,L039,ST0194,17,False,23
LS0690,L039,ST0019,18,False,47
LS0691,L039,ST0135,19,True,49
LS0692,L040,ST0150,1,True,46
LS0693,L040,ST0199,2,False,59
LS0694,L040,ST0206,3,False,40
LS0695,L040,ST0052,4,False,24
LS0696,L040,ST0128,5,False,46
LS0697,L040,ST0132,6,False,24
LS0698,L040,ST0096,7,False,43
LS0699,L040,ST0149,8,False,31
LS0700,L040,ST0240,9,False,34
LS0701,L040,ST0180,10,False,56
LS0702,L040,ST0106,11,False,42
LS0703,L040,ST0173,12,False,42
LS0704,L040,ST0125,13,False,59
LS0705,L040,ST0122,14,False,28
LS0706,L040,ST0200,15,False,49
LS0707,L040,ST0112,16,False,47
LS0708,L040,ST0013,17,False,33
LS0709,L040,ST0152,18,False,29
LS0710,L040,ST0245,19,False,38
LS0711,L040,ST0044,20,False,48
LS0712,L040,ST0207,21,False,38
LS0713,L040,ST0041,22,True,26
LS0714,L041,ST0213,1,True,20
LS0715,L041,ST0053,2,False,48
LS0716,L041,ST0089,3,False,37
LS0717,L041,ST0181,4,False,51
LS0718,L041,ST0193,5,False,49
LS0719,L041,ST0134,6,False,32
LS0720,L041,ST0058,7,False,49
LS0721,L041,ST0212,8,False,53
LS0722,L041,ST0098,9,False,59
LS0723,L041,ST0162,10,False,60
LS0724,L041,ST0142,11,False,37
LS0725,L041,ST0040,12,False,35
LS0726,L041,ST0083,13,False,55
LS0727,L041,ST0157,14,False,48
LS0728,L041,ST0237,15,False,41
LS0729,L041,ST0147,16,False,21
LS0730,L041,ST0022,17,False,39
LS0731,L041,ST0163,18,False,53
LS0732,L041,ST0238,19,False,24
LS0733,L041,ST0066,20,False,59
LS0734,L041,ST0183,21,False,48
LS0735,L041,ST0143,22,False,49
LS0736,L041,ST0234,23,False,20
LS0737,L041,ST0045,24,False,42
LS0738,L041,ST0102,25,False,41
LS0739,L041,ST0244,26,False,27
LS0740,L041,ST0198,27,False,27
LS0741,L041,ST0100,28,False,34
LS0742,L041,ST0109,29,False,37
LS0743,L041,ST0154,30,True,25
LS0744,L042,ST0088,1,True,46
LS0745,L042,ST0014,2,False,40
LS0746,L042,ST0239,3,False,20
LS0747,L042,ST0099,4,False,60
LS0748,L042,ST0025,5,False,49
LS0749,L042,ST0161,6,False,50
LS0750,L042,ST0007,7,False,50
LS0751,L042,ST0188,8,False,24
LS0752,L042,ST0178,9,False,29
LS0753,L042,ST0233,10,False,60
LS0754,L042,ST0200,11,False,37
LS0755,L042,ST0199,12,False,58
LS0756,L042,ST0112,13,False,30
LS0757,L042,ST0034,14,False,24
LS0758,L042,ST0247,15,False,33
LS0759,L042,ST0222,16,False,41
LS0760,L042,ST0235,17,False,51
LS0761,L042,ST0238,18,False,48
LS0762,L042,ST0192,19,False,47
LS0763,L042,ST0052,20,False,33
LS0764,L042,ST0162,21,False,42
LS0765,L042,ST0230,22,False,57
LS0766,L042,ST0012,23,False,59
LS0767,L042,ST0084,24,False,60
LS0768,L042,ST0201,25,False,32
LS0769,L042,ST0026,26,False,25
LS0770,L042,ST0017,27,False,60
LS0771,L042,ST0151,28,False,42
LS0772,L042,ST0237,29,True,33
LS0773,L043,ST0155,1,True,26
LS0774,L043,ST0019,2,False,49
LS0775,L043,ST0188,3,False,23
LS0776,L043,ST0041,4,False,35
LS0777,L043,ST0196,5,False,22
LS0778,L043,ST0114,6,False,49
LS0779,L043,ST0221,7,False,26
LS0780,L043,ST0013,8,False,39
LS0781,L043,ST0203,9,False,59
LS0782,L043,ST0128,10,False,23
LS0783,L043,ST0168,11,True,53
LS0784,L044,ST0109,1,True,44
LS0785,L044,ST0060,2,False,44
LS0786,L044,ST0066,3,False,46
LS0787,L044,ST0202,4,False,51
LS0788,L044,ST0130,5,False,59
LS0789,L044,ST0213,6,False,50
LS0790,L044,ST0001,7,False,25
LS0791,L044,ST0241,8,False,28
LS0792,L044,ST0085,9,False,54
LS0793,L044,ST0075,10,False,36
LS0794,L044,ST0091,11,False,24
LS0795,L044,ST0219,12,False,26
LS0796,L044,ST0072,13,False,57
LS0797,L044,ST0238,14,False,23
LS0798,L044,ST0079,15,False,22
LS0799,L044,ST0207,16,False,29
LS0800,L044,ST0012,17,False,56
LS0801,L044,ST0106,18,False,51
LS0802,L044,ST0050,19,False,53
LS0803,L044,ST0134,20,False,45
LS0804,L044,ST0174,21,False,41
LS0805,L044,ST0136,22,False,57
LS0806,L044,ST0034,23,False,60
LS0807,L044,ST0069,24,False,40
LS0808,L044,ST0210,25,False,53
LS0809,L044,ST0006,26,True,47
LS0810,L045,ST0024,1,True,55
LS0811,L045,ST0004,2,False,41
LS0812,L045,ST0017,3,False,23
LS0813,L045,ST0223,4,False,53
LS0814,L045,ST0125,5,False,24
LS0815,L045,ST0026,6,False,45
LS0816,L045,ST0181,7,False,41
LS0817,L045,ST0048,8,False,31
LS0818,L045,ST0156,9,False,25
LS0819,L045,ST0135,10,False,23
LS0820,L045,ST0056,11,False,30
LS0821,L045,ST0196,12,True,45
LS0822,L046,ST0242,1,True,44
LS0823,L046,ST0009,2,False,22
LS0824,L046,ST0003,3,False,23
LS0825,L046,ST0237,4,False,48
LS0826,L046,ST0041,5,False,27
LS0827,L046,ST0074,6,False,34
LS0828,L046,ST0247,7,False,41
LS0829,L046,ST0083,8,False,57
LS0830,L046,ST0151,9,False,27
LS0831,L046,ST0219,10,False,32
LS0832,L046,ST0036,11,False,30
LS0833,L046,ST0044,12,False,21
LS0834,L046,ST0015,13,False,59
LS0835,L046,ST0172,14,False,50
LS0836,L046,ST0144,15,False,25
LS0837,L046,ST0223,16,False,22
LS0838,L046,ST0205,17,False,35
LS0839,L046,ST0084,18,False,25
LS0840,L046,ST0227,19,False,24
LS0841,L046,ST0125,20,False,23
LS0842,L046,ST0169,21,True,40
LS0843,L047,ST0228,1,True,48
LS0844,L047,ST0199,2,False,27
LS0845,L047,ST0246,3,False,20
LS0846,L047,ST0176,4,False,40
LS0847,L047,ST0113,5,False,28
LS0848,L047,ST0227,6,False,60
LS0849,L047,ST0114,7,False,29
LS0850,L047,ST0104,8,False,54
LS0851,L047,ST0216,9,True,54
LS0852,L048,ST0091,1,True,32
LS0853,L048,ST0066,2,False,36
LS0854,L048,ST0202,3,False,36
LS0855,L048,ST0065,4,False,27
LS0856,L048,ST0042,5,False,40
LS0857,L048,ST0167,6,False,24
LS0858,L048,ST0203,7,False,58
LS0859,L048,ST0008,8,False,23
LS0860,L048,ST0141,9,False,36
LS0861,L048,ST0057,10,False,57
LS0862,L048,ST0069,11,False,34
LS0863,L048,ST0045,12,False,32
LS0864,L048,ST0094,13,False,35
LS0865,L048,ST0028,14,False,37
LS0866,L048,ST0148,15,True,26
LS0867,L049,ST0101,1,True,27
LS0868,L049,ST0069,2,False,48
LS0869,L049,ST0118,3,False,24
LS0870,L049,ST0245,4,False,26
LS0871,L049,ST0181,5,False,51
LS0872,L049,ST0039,6,False,40
LS0873,L049,ST0001,7,False,57
LS0874,L049,ST0208,8,False,37
LS0875,L049,ST0018,9,False,33
LS0876,L049,ST0075,10,False,35
LS0877,L049,ST0165,11,False,45
LS0878,L049,ST0031,12,False,47
LS0879,L049,ST0145,13,False,32
LS0880,L049,ST0234,14,False,47
LS0881,L049,ST0137,15,False,49
LS0882,L049,ST0217,16,True,41
LS0883,L050,ST0195,1,True,38
LS0884,L050,ST0030,2,False,36
LS0885,L050,ST0130,3,False,44
LS0886,L050,ST0052,4,False,27
LS0887,L050,ST0169,5,False,45
LS0888,L050,ST0225,6,False,39
LS0889,L050,ST0221,7,False,39
LS0890,L050,ST0166,8,False,45
LS0891,L050,ST0105,9,False,36
LS0892,L050,ST0140,10,False,42
LS0893,L050,ST0148,11,False,25
LS0894,L050,ST0184,12,False,53
LS0895,L050,ST0216,13,False,44
LS0896,L050,ST0211,14,False,56
LS0897,L050,ST0129,15,False,21
LS0898,L050,ST0237,16,False,20
LS0899,L050,ST0101,17,False,52
LS0900,L050,ST0025,18,False,54
LS0901,L050,ST0070,19,True,45
LS0902,L051,ST0093,1,True,56
LS0903,L051,ST0240,2,False,38
LS0904,L051,ST0039,3,False,22
LS0905,L051,ST0022,4,False,37
LS0906,L051,ST0118,5,False,24
LS0907,L051,ST0221,6,False,24
LS0908,L051,ST0023,7,False,44
LS0909,L051,ST0224,8,False,23
LS0910,L051,ST0209,9,False,36
LS0911,L051,ST0170,10,False,34
LS0912,L051,ST0064,11,False,43
LS0913,L051,ST0234,12,False,27
LS0914,L051,ST0168,13,False,24
LS0915,L051,ST0099,14,False,40
LS0916,L051,ST0056,15,False,36
LS0917,L051,ST0070,16,False,23
LS0918,L051,ST0121,17,False,20
LS0919,L051,ST0080,18,False,36
LS0920,L051,ST0149,19,False,24
LS0921,L051,ST0203,20,False,22
LS0922,L051,ST0145,21,False,33
LS0923,L051,ST0215,22,False,32
LS0924,L051,ST0091,23,False,40
LS0925,L051,ST0073,24,False,55
LS0926,L051,ST0144,25,False,50
LS0927,L051,ST0197,26,False,45
LS0928,L051,ST0012,27,False,40
LS0929,L051,ST0015,28,True,56
LS0930,L052,ST0225,1,True,21
LS0931,L052,ST0162,2,False,38
LS0932,L052,ST0124,3,False,27
LS0933,L052,ST0150,4,False,53
LS0934,L052,ST0004,5,False,30
LS0935,L052,ST0188,6,False,40
LS0936,L052,ST0100,7,False,57
LS0937,L052,ST0155,8,False,59
LS0938,L052,ST0160,9,False,56
LS0939,L052,ST0040,10,False,45
LS0940,L052,ST0119,11,False,48
LS0941,L052,ST0055,12,False,52
LS0942,L052,ST0133,13,False,51
LS0943,L052,ST0152,14,False,41
LS0944,L052,ST0033,15,False,22
LS0945,L052,ST0146,16,False,46
LS0946,L052,ST0199,17,False,37
LS0947,L052,ST0098,18,True,27
LS0948,L053,ST0217,1,True,23
LS0949,L053,ST0029,2,False,47
LS0950,L053,ST0192,3,False,56
LS0951,L053,ST0103,4,False,38
LS0952,L053,ST0051,5,False,37
LS0953,L053,ST0003,6,False,47
LS0954,L053,ST0172,7,False,50
LS0955,L053,ST0246,8,False,27
LS0956,L053,ST0127,9,False,46
LS0957,L053,ST0080,10,False,36
LS0958,L053,ST0107,11,False,58
LS0959,L053,ST0179,12,False,48
LS0960,L053,ST0141,13,False,37
LS0961,L053,ST0088,14,False,40
LS0962,L053,ST0048,15,False,44
LS0963,L053,ST0081,16,False,43
LS0964,L053,ST0012,17,False,24
LS0965,L053,ST0152,18,False,47
LS0966,L053,ST0190,19,False,34
LS0967,L053,ST0185,20,False,59
LS0968,L053,ST0169,21,False,34
LS0969,L053,ST0092,22,False,49
LS0970,L053,ST0155,23,False,47
LS0971,L053,ST0199,24,False,31
LS0972,L053,ST0077,25,False,43
LS0973,L053,ST0008,26,False,36
LS0974,L053,ST0057,27,False,57
LS0975,L053,ST0226,28,True,60
LS0976,L054,ST0203,1,True,48
LS0977,L054,ST0215,2,False,21
LS0978,L054,ST0231,3,False,53
LS0979,L054,ST0185,4,False,42
LS0980,L054,ST0158,5,False,60
LS0981,L054,ST0022,6,False,44
LS0982,L054,ST0194,7,False,31
LS0983,L054,ST0236,8,False,60
LS0984,L054,ST0212,9,False,27
LS0985,L054,ST0245,10,False,22
LS0986,L054,ST0051,11,False,32
LS0987,L054,ST0104,12,False,49
LS0988,L054,ST0181,13,False,56
LS0989,L054,ST0107,14,False,23
LS0990,L054,ST0002,15,False,33
LS0991,L054,ST0023,16,False,57
LS0992,L054,ST0039,17,False,23
LS0993,L054,ST0226,18,False,49
LS0994,L054,ST0091,19,False,31
LS0995,L054,ST0135,20,False,53
LS0996,L054,ST0094,21,False,35
LS0997,L054,ST0246,22,False,26
LS0998,L054,ST0078,23,False,54
LS0999,L054,ST0007,24,False,37
LS1000,L054,ST0167,25,True,27
LS1001,L055,ST0231,1,True,27
LS1002,L055,ST0215,2,False,50
LS1003,L055,ST0205,3,False,59
LS1004,L055,ST0181,4,False,21
LS1005,L055,ST0188,5,False,37
LS1006,L055,ST0117,6,False,52
LS1007,L055,ST0163,7,False,38
LS1008,L055,ST0214,8,False,23
LS1009,L055,ST0168,9,False,21
LS1010,L055,ST0118,10,False,52
LS1011,L055,ST0102,11,False,23
LS1012,L055,ST0065,12,False,47
LS1013,L055,ST0007,13,False,42
LS1014,L055,ST0194,14,False,42
LS1015,L055,ST0093,15,False,27
LS1016,L055,ST0061,16,False,32
LS1017,L055,ST0204,17,False,54
LS1018,L055,ST0044,18,True,58
