invoice_id,contract_id,issue_date,due_date,period_start,period_end,amount_ht,vat_amount,amount_ttc,status,payment_date
INV000001,CON00229,2025-05-20,2025-06-19,2025-04-20,2025-05-20,484.84,96.97,581.81,cancelled,2025-06-19
INV000002,CON00208,2023-02-24,2023-03-26,2023-01-25,2023-02-24,116.87,23.37,140.24,paid,2023-03-26
INV000003,CON00055,2023-02-26,2023-03-28,2023-01-27,2023-02-26,124.07,24.81,148.88,overdue,2023-03-28
INV000004,CON00153,2025-11-13,2025-12-13,2025-10-14,2025-11-13,346.88,69.38,416.26,overdue,2025-12-13
INV000005,CON00185,2024-08-07,2024-09-06,2024-07-08,2024-08-07,55.55,11.11,66.66,cancelled,2024-09-06
INV000006,CON00130,2023-03-21,2023-04-20,2023-02-19,2023-03-21,270.22,54.04,324.26,paid,
INV000007,CON00093,2023-11-15,2023-12-15,2023-10-16,2023-11-15,126.99,25.4,152.39,cancelled,2023-12-15
INV000008,CON00168,2024-07-26,2024-08-25,2024-06-26,2024-07-26,492.59,98.52,591.11,overdue,2024-08-25
INV000009,CON00252,2024-09-10,2024-10-10,2024-08-11,2024-09-10,293.59,58.72,352.31,paid,2024-10-10
INV000010,CON00128,2022-06-09,2022-07-09,2022-05-10,2022-06-09,319.69,63.94,383.63,paid,2022-07-09
INV000011,CON00026,2022-01-23,2022-02-22,2021-12-24,2022-01-23,474.99,95.0,569.99,paid,2022-02-22
INV000012,CON00196,2025-03-09,2025-04-08,2025-02-07,2025-03-09,481.77,96.35,578.12,paid,
INV000013,CON00111,2025-08-15,2025-09-14,2025-07-16,2025-08-15,119.67,23.93,143.6,pending,2025-09-14
INV000014,CON00191,2022-06-05,2022-07-05,2022-05-06,2022-06-05,161.59,32.32,193.91,cancelled,
INV000015,CON00018,2022-09-03,2022-10-03,2022-08-04,2022-09-03,171.96,34.39,206.35,paid,2022-10-03
INV000016,CON00105,2022-09-04,2022-10-04,2022-08-05,2022-09-04,462.12,92.42,554.54,cancelled,2022-10-04
INV000017,CON00016,2024-09-02,2024-10-02,2024-08-03,2024-09-02,112.05,22.41,134.46,paid,
INV000018,CON00121,2024-07-21,2024-08-20,2024-06-21,2024-07-21,438.8,87.76,526.56,overdue,2024-08-20
INV000019,CON00140,2023-07-08,2023-08-07,2023-06-08,2023-07-08,40.6,8.12,48.72,overdue,2023-08-07
INV000020,CON00079,2023-03-18,2023-04-17,2023-02-16,2023-03-18,60.62,12.12,72.74,cancelled,2023-04-17
INV000021,CON00020,2024-10-15,2024-11-14,2024-09-15,2024-10-15,233.27,46.65,279.92,pending,2024-11-14
INV000022,CON00007,2025-03-27,2025-04-26,2025-02-25,2025-03-27,451.78,90.36,542.14,cancelled,
INV000023,CON00144,2025-12-24,2026-01-23,2025-11-24,2025-12-24,162.34,32.47,194.81,pending,2026-01-23
INV000024,CON00137,2022-02-19,2022-03-21,2022-01-20,2022-02-19,345.48,69.1,414.58,paid,2022-03-21
INV000025,CON00230,2022-01-04,2022-02-03,2021-12-05,2022-01-04,498.04,99.61,597.65,paid,2022-02-03
INV000026,CON00223,2025-02-18,2025-03-20,2025-01-19,2025-02-18,477.51,95.5,573.01,pending,2025-03-20
INV000027,CON00025,2023-08-10,2023-09-09,2023-07-11,2023-08-10,201.1,40.22,241.32,overdue,2023-09-09
INV000028,CON00242,2025-01-20,2025-02-19,2024-12-21,2025-01-20,107.03,21.41,128.44,cancelled,2025-02-19
INV000029,CON00283,2025-01-12,2025-02-11,2024-12-13,2025-01-12,98.48,19.7,118.18,cancelled,2025-02-11
INV000030,CON00209,2022-12-23,2023-01-22,2022-11-23,2022-12-23,302.7,60.54,363.24,paid,2023-01-22
INV000031,CON00178,2023-08-22,2023-09-21,2023-07-23,2023-08-22,99.39,19.88,119.27,cancelled,2023-09-21
INV000032,CON00254,2025-10-15,2025-11-14,2025-09-15,2025-10-15,284.87,56.97,341.84,paid,2025-11-14
INV000033,CON00045,2025-05-18,2025-06-17,2025-04-18,2025-05-18,149.0,29.8,178.8,paid,2025-06-17
INV000034,CON00184,2025-08-14,2025-09-13,2025-07-15,2025-08-14,249.28,49.86,299.14,overdue,2025-09-13
INV000035,CON00085,2022-03-29,2022-04-28,2022-02-27,2022-03-29,191.42,38.28,229.7,cancelled,
INV000036,CON00175,2025-01-11,2025-02-10,2024-12-12,2025-01-11,327.37,65.47,392.84,cancelled,
INV000037,CON00294,2022-10-13,2022-11-12,2022-09-13,2022-10-13,489.3,97.86,587.16,paid,2022-11-12
INV000038,CON00203,2022-06-17,2022-07-17,2022-05-18,2022-06-17,417.02,83.4,500.42,paid,2022-07-17
INV000039,CON00279,2022-03-27,2022-04-26,2022-02-25,2022-03-27,274.2,54.84,329.04,overdue,
INV000040,CON00282,2025-09-23,2025-10-23,2025-08-24,2025-09-23,472.88,94.58,567.46,cancelled,2025-10-23
INV000041,CON00172,2024-09-28,2024-10-28,2024-08-29,2024-09-28,84.95,16.99,101.94,cancelled,2024-10-28
INV000042,CON00192,2025-01-28,2025-02-27,2024-12-29,2025-01-28,470.36,94.07,564.43,overdue,2025-02-27
INV000043,CON00202,2023-03-25,2023-04-24,2023-02-23,2023-03-25,301.2,60.24,361.44,cancelled,2023-04-24
INV000044,CON00055,2023-04-08,2023-05-08,2023-03-09,2023-04-08,331.02,66.2,397.22,pending,
INV000045,CON00097,2022-01-02,2022-02-01,2021-12-03,2022-01-02,449.8,89.96,539.76,overdue,2022-02-01
INV000046,CON00254,2022-10-23,2022-11-22,2022-09-23,2022-10-23,460.45,92.09,552.54,cancelled,2022-11-22
INV000047,CON00124,2024-04-11,2024-05-11,2024-03-12,2024-04-11,172.34,34.47,206.81,paid,2024-05-11
INV000048,CON00050,2023-01-27,2023-02-26,2022-12-28,2023-01-27,41.05,8.21,49.26,paid,2023-02-26
INV000049,CON00107,2023-01-16,2023-02-15,2022-12-17,2023-01-16,419.0,83.8,502.8,cancelled,
INV000050,CON00130,2024-07-15,2024-08-14,2024-06-15,2024-07-15,476.98,95.4,572.38,pending,2024-08-14
INV000051,CON00207,2022-01-22,2022-02-21,2021-12-23,2022-01-22,357.97,71.59,429.56,paid,2022-02-21
INV000052,CON00192,2023-03-03,2023-04-02,2023-02-01,2023-03-03,172.78,34.56,207.34,overdue,2023-04-02
INV000053,CON00245,2025-07-24,2025-08-23,2025-06-24,2025-07-24,318.96,63.79,382.75,paid,2025-08-23
INV000054,CON00017,2024-10-20,2024-11-19,2024-09-20,2024-10-20,180.23,36.05,216.28,paid,2024-11-19
INV000055,CON00243,2024-02-25,2024-03-26,2024-01-26,2024-02-25,383.87,76.77,460.64,paid,2024-03-26
INV000056,CON00180,2025-11-03,2025-12-03,2025-10-04,2025-11-03,260.44,52.09,312.53,paid,2025-12-03
INV000057,CON00250,2022-06-27,2022-07-27,2022-05-28,2022-06-27,253.19,50.64,303.83,overdue,
INV000058,CON00126,2025-07-16,2025-08-15,2025-06-16,2025-07-16,463.49,92.7,556.19,pending,2025-08-15
INV000059,CON00173,2023-05-10,2023-06-09,2023-04-10,2023-05-10,313.7,62.74,376.44,pending,
INV000060,CON00159,2025-02-05,2025-03-07,2025-01-06,2025-02-05,395.27,79.05,474.32,pending,2025-03-07
INV000061,CON00211,2022-07-14,2022-08-13,2022-06-14,2022-07-14,34.84,6.97,41.81,paid,2022-08-13
INV000062,CON00015,2024-11-02,2024-12-02,2024-10-03,2024-11-02,238.88,47.78,286.66,overdue,
INV000063,CON00141,2025-11-28,2025-12-28,2025-10-29,2025-11-28,295.57,59.11,354.68,overdue,2025-12-28
INV000064,CON00025,2023-06-03,2023-07-03,2023-05-04,2023-06-03,305.26,61.05,366.31,cancelled,2023-07-03
INV000065,CON00090,2024-07-14,2024-08-13,2024-06-14,2024-07-14,167.89,33.58,201.47,paid,
INV000066,CON00170,2024-05-23,2024-06-22,2024-04-23,2024-05-23,81.55,16.31,97.86,paid,2024-06-22
INV000067,CON00040,2023-02-12,2023-03-14,2023-01-13,2023-02-12,256.61,51.32,307.93,paid,
INV000068,CON00091,2024-02-11,2024-03-12,2024-01-12,2024-02-11,50.62,10.12,60.74,paid,2024-03-12
INV000069,CON00299,2024-10-07,2024-11-06,2024-09-07,2024-10-07,137.5,27.5,165.0,pending,2024-11-06
INV000070,CON00060,2022-07-27,2022-08-26,2022-06-27,2022-07-27,107.28,21.46,128.74,paid,2022-08-26
INV000071,CON00289,2022-02-18,2022-03-20,2022-01-19,2022-02-18,235.91,47.18,283.09,paid,2022-03-20
INV000072,CON00221,2022-02-12,2022-03-14,2022-01-13,2022-02-12,362.95,72.59,435.54,cancelled,2022-03-14
INV000073,CON00279,2022-08-06,2022-09-05,2022-07-07,2022-08-06,226.75,45.35,272.1,paid,2022-09-05
INV000074,CON00286,2025-12-08,2026-01-07,2025-11-08,2025-12-08,228.46,45.69,274.15,paid,
INV000075,CON00184,2024-08-30,2024-09-29,2024-07-31,2024-08-30,218.62,43.72,262.34,paid,2024-09-29
INV000076,CON00071,2022-09-05,2022-10-05,2022-08-06,2022-09-05,41.33,8.27,49.6,paid,2022-10-05
INV000077,CON00101,2024-07-02,2024-08-01,2024-06-02,2024-07-02,340.14,68.03,408.17,overdue,2024-08-01
INV000078,CON00135,2024-09-05,2024-10-05,2024-08-06,2024-09-05,61.4,12.28,73.68,cancelled,
INV000079,CON00212,2022-08-26,2022-09-25,2022-07-27,2022-08-26,293.04,58.61,351.65,paid,2022-09-25
INV000080,CON00154,2022-09-30,2022-10-30,2022-08-31,2022-09-30,380.92,76.18,457.1,pending,
INV000081,CON00031,2024-11-10,2024-12-10,2024-10-11,2024-11-10,400.4,80.08,480.48,paid,2024-12-10
INV000082,CON00137,2025-04-14,2025-05-14,2025-03-15,2025-04-14,279.34,55.87,335.21,paid,2025-05-14
INV000083,CON00071,2023-10-17,2023-11-16,2023-09-17,2023-10-17,462.74,92.55,555.29,pending,2023-11-16
INV000084,CON00097,2025-09-21,2025-10-21,2025-08-22,2025-09-21,253.14,50.63,303.77,pending,2025-10-21
INV000085,CON00089,2024-03-05,2024-04-04,2024-02-04,2024-03-05,289.93,57.99,347.92,cancelled,2024-04-04
INV000086,CON00037,2022-10-27,2022-11-26,2022-09-27,2022-10-27,343.53,68.71,412.24,overdue,
INV000087,CON00035,2024-09-05,2024-10-05,2024-08-06,2024-09-05,271.29,54.26,325.55,paid,2024-10-05
INV000088,CON00127,2025-07-07,2025-08-06,2025-06-07,2025-07-07,384.1,76.82,460.92,cancelled,2025-08-06
INV000089,CON00116,2023-06-22,2023-07-22,2023-05-23,2023-06-22,221.0,44.2,265.2,pending,
INV000090,CON00165,2024-03-19,2024-04-18,2024-02-18,2024-03-19,43.0,8.6,51.6,cancelled,2024-04-18
INV000091,CON00192,2024-03-11,2024-04-10,2024-02-10,2024-03-11,241.42,48.28,289.7,paid,2024-04-10
INV000092,CON00066,2024-09-08,2024-10-08,2024-08-09,2024-09-08,319.0,63.8,382.8,overdue,2024-10-08
INV000093,CON00081,2023-05-10,2023-06-09,2023-04-10,2023-05-10,311.52,62.3,373.82,paid,2023-06-09
INV000094,CON00039,2024-06-05,2024-07-05,2024-05-06,2024-06-05,311.92,62.38,374.3,pending,
INV000095,CON00044,2025-12-13,2026-01-12,2025-11-13,2025-12-13,449.08,89.82,538.9,paid,2026-01-12
INV000096,CON00021,2024-01-27,2024-02-26,2023-12-28,2024-01-27,160.37,32.07,192.44,paid,2024-02-26
INV000097,CON00175,2023-09-14,2023-10-14,2023-08-15,2023-09-14,423.07,84.61,507.68,overdue,2023-10-14
INV000098,CON00158,2024-08-20,2024-09-19,2024-07-21,2024-08-20,270.38,54.08,324.46,pending,2024-09-19
INV000099,CON00287,2025-10-29,2025-11-28,2025-09-29,2025-10-29,314.45,62.89,377.34,cancelled,2025-11-28
INV000100,CON00071,2024-08-19,2024-09-18,2024-07-20,2024-08-19,188.43,37.69,226.12,cancelled,2024-09-18
INV000101,CON00176,2024-12-27,2025-01-26,2024-11-27,2024-12-27,272.99,54.6,327.59,cancelled,
INV000102,CON00138,2023-07-10,2023-08-09,2023-06-10,2023-07-10,441.13,88.23,529.36,overdue,2023-08-09
INV000103,CON00161,2023-10-26,2023-11-25,2023-09-26,2023-10-26,456.39,91.28,547.67,overdue,
INV000104,CON00157,2023-01-28,2023-02-27,2022-12-29,2023-01-28,418.1,83.62,501.72,overdue,2023-02-27
INV000105,CON00143,2023-06-25,2023-07-25,2023-05-26,2023-06-25,310.95,62.19,373.14,cancelled,2023-07-25
INV000106,CON00072,2025-11-10,2025-12-10,2025-10-11,2025-11-10,168.66,33.73,202.39,cancelled,2025-12-10
INV000107,CON00278,2025-02-06,2025-03-08,2025-01-07,2025-02-06,180.94,36.19,217.13,pending,2025-03-08
INV000108,CON00089,2022-08-29,2022-09-28,2022-07-30,2022-08-29,370.56,74.11,444.67,paid,2022-09-28
INV000109,CON00106,2025-05-09,2025-06-08,2025-04-09,2025-05-09,401.27,80.25,481.52,paid,
INV000110,CON00255,2024-02-07,2024-03-08,2024-01-08,2024-02-07,145.45,29.09,174.54,pending,2024-03-08
INV000111,CON00291,2024-07-29,2024-08-28,2024-06-29,2024-07-29,282.58,56.52,339.1,paid,2024-08-28
INV000112,CON00037,2023-06-02,2023-07-02,2023-05-03,2023-06-02,88.48,17.7,106.18,pending,2023-07-02
INV000113,CON00202,2022-01-07,2022-02-06,2021-12-08,2022-01-07,61.28,12.26,73.54,paid,2022-02-06
INV000114,CON00233,2025-02-01,2025-03-03,2025-01-02,2025-02-01,304.28,60.86,365.14,paid,2025-03-03
INV000115,CON00216,2023-02-12,2023-03-14,2023-01-13,2023-02-12,154.88,30.98,185.86,pending,2023-03-14
INV000116,CON00251,2025-05-04,2025-06-03,2025-04-04,2025-05-04,80.8,16.16,96.96,pending,2025-06-03
INV000117,CON00062,2022-10-14,2022-11-13,2022-09-14,2022-10-14,115.12,23.02,138.14,paid,2022-11-13
INV000118,CON00028,2022-03-26,2022-04-25,2022-02-24,2022-03-26,428.17,85.63,513.8,paid,
INV000119,CON00275,2023-07-04,2023-08-03,2023-06-04,2023-07-04,89.89,17.98,107.87,paid,2023-08-03
INV000120,CON00217,2023-02-24,2023-03-26,2023-01-25,2023-02-24,48.77,9.75,58.52,cancelled,2023-03-26
INV000121,CON00006,2022-08-17,2022-09-16,2022-07-18,2022-08-17,188.67,37.73,226.4,overdue,2022-09-16
INV000122,CON00146,2024-05-30,2024-06-29,2024-04-30,2024-05-30,143.12,28.62,171.74,paid,2024-06-29
INV000123,CON00293,2023-07-01,2023-07-31,2023-06-01,2023-07-01,466.09,93.22,559.31,paid,2023-07-31
INV000124,CON00078,2022-02-17,2022-03-19,2022-01-18,2022-02-17,290.24,58.05,348.29,paid,2022-03-19
INV000125,CON00088,2024-02-24,2024-03-25,2024-01-25,2024-02-24,125.48,25.1,150.58,overdue,
INV000126,CON00083,2022-07-06,2022-08-05,2022-06-06,2022-07-06,298.48,59.7,358.18,overdue,2022-08-05
INV000127,CON00139,2024-09-22,2024-10-22,2024-08-23,2024-09-22,88.54,17.71,106.25,paid,2024-10-22
INV000128,CON00114,2023-05-11,2023-06-10,2023-04-11,2023-05-11,245.97,49.19,295.16,paid,2023-06-10
INV000129,CON00113,2023-07-27,2023-08-26,2023-06-27,2023-07-27,80.47,16.09,96.56,paid,2023-08-26
INV000130,CON00223,2025-04-02,2025-05-02,2025-03-03,2025-04-02,434.62,86.92,521.54,pending,2025-05-02
INV000131,CON00119,2022-07-25,2022-08-24,2022-06-25,2022-07-25,428.22,85.64,513.86,pending,2022-08-24
INV000132,CON00227,2022-11-04,2022-12-04,2022-10-05,2022-11-04,377.41,75.48,452.89,pending,2022-12-04
INV000133,CON00195,2022-02-17,2022-03-19,2022-01-18,2022-02-17,284.39,56.88,341.27,paid,2022-03-19
INV000134,CON00252,2024-06-13,2024-07-13,2024-05-14,2024-06-13,401.11,80.22,481.33,overdue,2024-07-13
INV000135,CON00011,2024-10-19,2024-11-18,2024-09-19,2024-10-19,268.55,53.71,322.26,pending,2024-11-18
INV000136,CON00106,2024-02-03,2024-03-04,2024-01-04,2024-02-03,97.92,19.58,117.5,paid,2024-03-04
INV000137,CON00194,2022-12-11,2023-01-10,2022-11-11,2022-12-11,400.39,80.08,480.47,paid,2023-01-10
INV000138,CON00181,2024-04-09,2024-05-09,2024-03-10,2024-04-09,158.85,31.77,190.62,cancelled,2024-05-09
INV000139,CON00119,2024-02-17,2024-03-18,2024-01-18,2024-02-17,312.2,62.44,374.64,pending,2024-03-18
INV000140,CON00289,2023-05-15,2023-06-14,2023-04-15,2023-05-15,333.37,66.67,400.04,paid,2023-06-14
INV000141,CON00012,2024-03-07,2024-04-06,2024-02-06,2024-03-07,298.68,59.74,358.42,paid,2024-04-06
INV000142,CON00252,2024-06-12,2024-07-12,2024-05-13,2024-06-12,370.36,74.07,444.43,pending,
INV000143,CON00131,2023-12-15,2024-01-14,2023-11-15,2023-12-15,137.42,27.48,164.9,paid,2024-01-14
INV000144,CON00134,2024-09-07,2024-10-07,2024-08-08,2024-09-07,104.31,20.86,125.17,paid,2024-10-07
INV000145,CON00265,2025-05-11,2025-06-10,2025-04-11,2025-05-11,279.54,55.91,335.45,paid,2025-06-10
INV000146,CON00196,2024-01-17,2024-02-16,2023-12-18,2024-01-17,52.55,10.51,63.06,paid,
INV000147,CON00082,2022-07-09,2022-08-08,2022-06-09,2022-07-09,319.26,63.85,383.11,overdue,
INV000148,CON00041,2024-12-11,2025-01-10,2024-11-11,2024-12-11,468.04,93.61,561.65,pending,
INV000149,CON00073,2024-06-11,2024-07-11,2024-05-12,2024-06-11,160.9,32.18,193.08,paid,2024-07-11
INV000150,CON00160,2022-12-08,2023-01-07,2022-11-08,2022-12-08,274.64,54.93,329.57,paid,2023-01-07
INV000151,CON00027,2025-03-18,2025-04-17,2025-02-16,2025-03-18,337.67,67.53,405.2,cancelled,
INV000152,CON00281,2024-08-21,2024-09-20,2024-07-22,2024-08-21,472.75,94.55,567.3,paid,2024-09-20
INV000153,CON00101,2025-05-19,2025-06-18,2025-04-19,2025-05-19,364.89,72.98,437.87,paid,2025-06-18
INV000154,CON00138,2023-01-02,2023-02-01,2022-12-03,2023-01-02,280.96,56.19,337.15,pending,2023-02-01
INV000155,CON00189,2023-01-02,2023-02-01,2022-12-03,2023-01-02,101.78,20.36,122.14,paid,2023-02-01
INV000156,CON00005,2023-10-29,2023-11-28,2023-09-29,2023-10-29,432.04,86.41,518.45,paid,2023-11-28
INV000157,CON00011,2024-10-22,2024-11-21,2024-09-22,2024-10-22,267.12,53.42,320.54,paid,2024-11-21
INV000158,CON00086,2022-04-10,2022-05-10,2022-03-11,2022-04-10,250.46,50.09,300.55,paid,2022-05-10
INV000159,CON00189,2025-03-21,2025-04-20,2025-02-19,2025-03-21,398.08,79.62,477.7,pending,2025-04-20
INV000160,CON00090,2025-12-25,2026-01-24,2025-11-25,2025-12-25,81.64,16.33,97.97,paid,
INV000161,CON00022,2022-05-18,2022-06-17,2022-04-18,2022-05-18,491.94,98.39,590.33,paid,
INV000162,CON00236,2024-12-19,2025-01-18,2024-11-19,2024-12-19,405.45,81.09,486.54,cancelled,2025-01-18
INV000163,CON00282,2025-01-13,2025-02-12,2024-12-14,2025-01-13,371.33,74.27,445.6,overdue,2025-02-12
INV000164,CON00267,2023-12-26,2024-01-25,2023-11-26,2023-12-26,399.6,79.92,479.52,overdue,2024-01-25
INV000165,CON00208,2023-05-30,2023-06-29,2023-04-30,2023-05-30,276.03,55.21,331.24,pending,
INV000166,CON00256,2022-09-16,2022-10-16,2022-08-17,2022-09-16,408.27,81.65,489.92,paid,
INV000167,CON00189,2023-09-04,2023-10-04,2023-08-05,2023-09-04,84.3,16.86,101.16,pending,2023-10-04
INV000168,CON00154,2024-02-05,2024-03-06,2024-01-06,2024-02-05,41.22,8.24,49.46,pending,
INV000169,CON00009,2023-03-18,2023-04-17,2023-02-16,2023-03-18,234.7,46.94,281.64,cancelled,2023-04-17
INV000170,CON00231,2025-04-24,2025-05-24,2025-03-25,2025-04-24,401.55,80.31,481.86,cancelled,
INV000171,CON00155,2024-03-22,2024-04-21,2024-02-21,2024-03-22,144.91,28.98,173.89,paid,2024-04-21
INV000172,CON00225,2023-06-02,2023-07-02,2023-05-03,2023-06-02,258.78,51.76,310.54,pending,2023-07-02
INV000173,CON00191,2023-02-24,2023-03-26,2023-01-25,2023-02-24,247.75,49.55,297.3,pending,2023-03-26
INV000174,CON00126,2022-10-26,2022-11-25,2022-09-26,2022-10-26,451.61,90.32,541.93,paid,2022-11-25
INV000175,CON00028,2023-12-19,2024-01-18,2023-11-19,2023-12-19,248.59,49.72,298.31,pending,2024-01-18
INV000176,CON00222,2022-06-09,2022-07-09,2022-05-10,2022-06-09,311.17,62.23,373.4,paid,2022-07-09
INV000177,CON00283,2024-09-04,2024-10-04,2024-08-05,2024-09-04,49.05,9.81,58.86,pending,
INV000178,CON00170,2023-02-01,2023-03-03,2023-01-02,2023-02-01,175.86,35.17,211.03,overdue,
INV000179,CON00052,2022-10-26,2022-11-25,2022-09-26,2022-10-26,379.84,75.97,455.81,overdue,2022-11-25
INV000180,CON00013,2024-11-09,2024-12-09,2024-10-10,2024-11-09,132.79,26.56,159.35,overdue,2024-12-09
INV000181,CON00230,2024-04-06,2024-05-06,2024-03-07,2024-04-06,187.0,37.4,224.4,overdue,2024-05-06
INV000182,CON00168,2023-08-07,2023-09-06,2023-07-08,2023-08-07,202.94,40.59,243.53,overdue,2023-09-06
INV000183,CON00225,2024-09-25,2024-10-25,2024-08-26,2024-09-25,233.7,46.74,280.44,overdue,
INV000184,CON00281,2025-03-05,2025-04-04,2025-02-03,2025-03-05,267.8,53.56,321.36,paid,2025-04-04
INV000185,CON00194,2023-11-08,2023-12-08,2023-10-09,2023-11-08,340.49,68.1,408.59,pending,2023-12-08
INV000186,CON00137,2022-10-22,2022-11-21,2022-09-22,2022-10-22,96.84,19.37,116.21,paid,
INV000187,CON00197,2023-07-19,2023-08-18,2023-06-19,2023-07-19,215.37,43.07,258.44,paid,
INV000188,CON00007,2022-09-30,2022-10-30,2022-08-31,2022-09-30,121.41,24.28,145.69,overdue,
INV000189,CON00078,2024-05-24,2024-06-23,2024-04-24,2024-05-24,287.12,57.42,344.54,paid,2024-06-23
INV000190,CON00108,2022-01-02,2022-02-01,2021-12-03,2022-01-02,495.78,99.16,594.94,paid,2022-02-01
INV000191,CON00136,2024-09-15,2024-10-15,2024-08-16,2024-09-15,399.9,79.98,479.88,paid,2024-10-15
INV000192,CON00085,2025-10-09,2025-11-08,2025-09-09,2025-10-09,261.94,52.39,314.33,paid,2025-11-08
INV000193,CON00176,2025-06-17,2025-07-17,2025-05-18,2025-06-17,372.12,74.42,446.54,paid,2025-07-17
INV000194,CON00133,2025-03-27,2025-04-26,2025-02-25,2025-03-27,292.53,58.51,351.04,cancelled,2025-04-26
INV000195,CON00168,2024-12-14,2025-01-13,2024-11-14,2024-12-14,103.13,20.63,123.76,cancelled,2025-01-13
INV000196,CON00267,2025-10-29,2025-11-28,2025-09-29,2025-10-29,161.11,32.22,193.33,overdue,2025-11-28
INV000197,CON00126,2023-04-09,2023-05-09,2023-03-10,2023-04-09,413.02,82.6,495.62,pending,2023-05-09
INV000198,CON00169,2024-11-08,2024-12-08,2024-10-09,2024-11-08,171.27,34.25,205.52,cancelled,2024-12-08
INV000199,CON00027,2025-04-26,2025-05-26,2025-03-27,2025-04-26,171.16,34.23,205.39,paid,
INV000200,CON00076,2025-02-10,2025-03-12,2025-01-11,2025-02-10,135.1,27.02,162.12,paid,2025-03-12
INV000201,CON00128,2024-08-08,2024-09-07,2024-07-09,2024-08-08,455.43,91.09,546.52,paid,2024-09-07
INV000202,CON00259,2024-01-14,2024-02-13,2023-12-15,2024-01-14,223.94,44.79,268.73,pending,2024-02-13
INV000203,CON00170,2023-09-05,2023-10-05,2023-08-06,2023-09-05,68.13,13.63,81.76,paid,2023-10-05
INV000204,CON00034,2023-10-05,2023-11-04,2023-09-05,2023-10-05,465.28,93.06,558.34,paid,2023-11-04
INV000205,CON00222,2022-11-12,2022-12-12,2022-10-13,2022-11-12,224.68,44.94,269.62,paid,2022-12-12
INV000206,CON00190,2022-08-31,2022-09-30,2022-08-01,2022-08-31,174.76,34.95,209.71,pending,2022-09-30
INV000207,CON00252,2024-03-22,2024-04-21,2024-02-21,2024-03-22,306.56,61.31,367.87,pending,2024-04-21
INV000208,CON00121,2023-08-10,2023-09-09,2023-07-11,2023-08-10,144.32,28.86,173.18,paid,2023-09-09
INV000209,CON00168,2025-04-30,2025-05-30,2025-03-31,2025-04-30,207.12,41.42,248.54,paid,
INV000210,CON00043,2022-01-18,2022-02-17,2021-12-19,2022-01-18,100.52,20.1,120.62,pending,2022-02-17
INV000211,CON00048,2025-11-29,2025-12-29,2025-10-30,2025-11-29,334.55,66.91,401.46,paid,
INV000212,CON00091,2022-03-08,2022-04-07,2022-02-06,2022-03-08,92.74,18.55,111.29,paid,2022-04-07
INV000213,CON00183,2025-09-26,2025-10-26,2025-08-27,2025-09-26,298.84,59.77,358.61,paid,
INV000214,CON00159,2023-11-08,2023-12-08,2023-10-09,2023-11-08,76.99,15.4,92.39,overdue,
INV000215,CON00021,2025-06-12,2025-07-12,2025-05-13,2025-06-12,30.1,6.02,36.12,paid,2025-07-12
INV000216,CON00201,2024-10-01,2024-10-31,2024-09-01,2024-10-01,80.54,16.11,96.65,overdue,2024-10-31
INV000217,CON00270,2022-05-27,2022-06-26,2022-04-27,2022-05-27,420.95,84.19,505.14,paid,
INV000218,CON00237,2025-05-26,2025-06-25,2025-04-26,2025-05-26,430.63,86.13,516.76,paid,2025-06-25
INV000219,CON00264,2022-07-16,2022-08-15,2022-06-16,2022-07-16,263.32,52.66,315.98,paid,2022-08-15
INV000220,CON00017,2024-03-16,2024-04-15,2024-02-15,2024-03-16,430.51,86.1,516.61,cancelled,
INV000221,CON00243,2024-07-15,2024-08-14,2024-06-15,2024-07-15,198.61,39.72,238.33,overdue,2024-08-14
INV000222,CON00206,2024-05-06,2024-06-05,2024-04-06,2024-05-06,409.27,81.85,491.12,paid,2024-06-05
INV000223,CON00159,2025-09-26,2025-10-26,2025-08-27,2025-09-26,183.51,36.7,220.21,paid,2025-10-26
INV000224,CON00080,2022-03-17,2022-04-16,2022-02-15,2022-03-17,67.34,13.47,80.81,overdue,2022-04-16
INV000225,CON00076,2022-08-09,2022-09-08,2022-07-10,2022-08-09,499.17,99.83,599.0,paid,
INV000226,CON00038,2023-08-02,2023-09-01,2023-07-03,2023-08-02,392.07,78.41,470.48,cancelled,2023-09-01
INV000227,CON00123,2024-09-13,2024-10-13,2024-08-14,2024-09-13,234.61,46.92,281.53,paid,2024-10-13
INV000228,CON00283,2025-04-18,2025-05-18,2025-03-19,2025-04-18,172.2,34.44,206.64,cancelled,2025-05-18
INV000229,CON00243,2025-09-05,2025-10-05,2025-08-06,2025-09-05,45.9,9.18,55.08,paid,2025-10-05
INV000230,CON00177,2022-05-16,2022-06-15,2022-04-16,2022-05-16,52.99,10.6,63.59,paid,2022-06-15
INV000231,CON00255,2024-08-07,2024-09-06,2024-07-08,2024-08-07,339.41,67.88,407.29,pending,2024-09-06
INV000232,CON00166,2024-07-09,2024-08-08,2024-06-09,2024-07-09,92.46,18.49,110.95,paid,2024-08-08
INV000233,CON00217,2025-09-10,2025-10-10,2025-08-11,2025-09-10,177.95,35.59,213.54,overdue,2025-10-10
INV000234,CON00095,2022-01-16,2022-02-15,2021-12-17,2022-01-16,438.51,87.7,526.21,paid,2022-02-15
INV000235,CON00213,2022-07-10,2022-08-09,2022-06-10,2022-07-10,258.84,51.77,310.61,paid,
INV000236,CON00072,2023-05-07,2023-06-06,2023-04-07,2023-05-07,271.01,54.2,325.21,pending,2023-06-06
INV000237,CON00104,2023-01-05,2023-02-04,2022-12-06,2023-01-05,226.4,45.28,271.68,paid,2023-02-04
INV000238,CON00176,2025-06-13,2025-07-13,2025-05-14,2025-06-13,205.32,41.06,246.38,paid,
INV000239,CON00257,2023-02-18,2023-03-20,2023-01-19,2023-02-18,129.2,25.84,155.04,paid,2023-03-20
INV000240,CON00259,2023-07-15,2023-08-14,2023-06-15,2023-07-15,279.51,55.9,335.41,overdue,2023-08-14
INV000241,CON00101,2024-06-09,2024-07-09,2024-05-10,2024-06-09,391.76,78.35,470.11,cancelled,2024-07-09
INV000242,CON00233,2025-04-25,2025-05-25,2025-03-26,2025-04-25,287.15,57.43,344.58,overdue,2025-05-25
INV000243,CON00234,2022-04-02,2022-05-02,2022-03-03,2022-04-02,163.71,32.74,196.45,paid,2022-05-02
INV000244,CON00033,2024-08-29,2024-09-28,2024-07-30,2024-08-29,419.89,83.98,503.87,pending,2024-09-28
INV000245,CON00293,2023-04-18,2023-05-18,2023-03-19,2023-04-18,463.85,92.77,556.62,overdue,2023-05-18
INV000246,CON00136,2023-09-07,2023-10-07,2023-08-08,2023-09-07,449.01,89.8,538.81,paid,2023-10-07
INV000247,CON00297,2023-06-05,2023-07-05,2023-05-06,2023-06-05,215.56,43.11,258.67,paid,2023-07-05
INV000248,CON00021,2023-03-31,2023-04-30,2023-03-01,2023-03-31,477.44,95.49,572.93,pending,2023-04-30
INV000249,CON00002,2024-05-30,2024-06-29,2024-04-30,2024-05-30,52.45,10.49,62.94,paid,2024-06-29
INV000250,CON00141,2025-01-01,2025-01-31,2024-12-02,2025-01-01,412.78,82.56,495.34,overdue,2025-01-31
INV000251,CON00009,2024-10-24,2024-11-23,2024-09-24,2024-10-24,438.22,87.64,525.86,cancelled,2024-11-23
INV000252,CON00157,2025-05-14,2025-06-13,2025-04-14,2025-05-14,341.76,68.35,410.11,pending,2025-06-13
INV000253,CON00110,2024-12-29,2025-01-28,2024-11-29,2024-12-29,340.81,68.16,408.97,paid,2025-01-28
INV000254,CON00121,2024-03-07,2024-04-06,2024-02-06,2024-03-07,293.55,58.71,352.26,paid,
INV000255,CON00103,2022-01-30,2022-03-01,2021-12-31,2022-01-30,351.99,70.4,422.39,paid,2022-03-01
INV000256,CON00126,2024-09-09,2024-10-09,2024-08-10,2024-09-09,39.72,7.94,47.66,paid,2024-10-09
INV000257,CON00133,2022-12-13,2023-01-12,2022-11-13,2022-12-13,339.0,67.8,406.8,cancelled,2023-01-12
INV000258,CON00083,2024-05-23,2024-06-22,2024-04-23,2024-05-23,125.92,25.18,151.1,paid,2024-06-22
INV000259,CON00148,2023-09-26,2023-10-26,2023-08-27,2023-09-26,499.01,99.8,598.81,cancelled,2023-10-26
INV000260,CON00036,2022-06-06,2022-07-06,2022-05-07,2022-06-06,491.92,98.38,590.3,paid,2022-07-06
INV000261,CON00002,2023-05-06,2023-06-05,2023-04-06,2023-05-06,61.01,12.2,73.21,paid,2023-06-05
INV000262,CON00059,2024-07-13,2024-08-12,2024-06-13,2024-07-13,188.64,37.73,226.37,overdue,2024-08-12
INV000263,CON00274,2024-08-10,2024-09-09,2024-07-11,2024-08-10,270.07,54.01,324.08,pending,2024-09-09
INV000264,CON00143,2022-06-20,2022-07-20,2022-05-21,2022-06-20,197.44,39.49,236.93,paid,2022-07-20
INV000265,CON00199,2023-01-23,2023-02-22,2022-12-24,2023-01-23,286.29,57.26,343.55,paid,2023-02-22
INV000266,CON00045,2022-05-10,2022-06-09,2022-04-10,2022-05-10,106.28,21.26,127.54,paid,
INV000267,CON00274,2023-02-02,2023-03-04,2023-01-03,2023-02-02,254.98,51.0,305.98,cancelled,2023-03-04
INV000268,CON00175,2024-03-08,2024-04-07,2024-02-07,2024-03-08,402.55,80.51,483.06,pending,
INV000269,CON00263,2024-04-04,2024-05-04,2024-03-05,2024-04-04,129.81,25.96,155.77,paid,2024-05-04
INV000270,CON00248,2025-04-15,2025-05-15,2025-03-16,2025-04-15,381.44,76.29,457.73,paid,2025-05-15
INV000271,CON00117,2025-09-07,2025-10-07,2025-08-08,2025-09-07,468.88,93.78,562.66,pending,2025-10-07
INV000272,CON00235,2024-03-04,2024-04-03,2024-02-03,2024-03-04,181.44,36.29,217.73,paid,
INV000273,CON00022,2022-03-16,2022-04-15,2022-02-14,2022-03-16,242.87,48.57,291.44,paid,2022-04-15
INV000274,CON00009,2025-09-23,2025-10-23,2025-08-24,2025-09-23,468.94,93.79,562.73,cancelled,2025-10-23
INV000275,CON00004,2023-10-08,2023-11-07,2023-09-08,2023-10-08,435.14,87.03,522.17,paid,
INV000276,CON00050,2025-05-02,2025-06-01,2025-04-02,2025-05-02,274.64,54.93,329.57,paid,2025-06-01
INV000277,CON00243,2024-10-09,2024-11-08,2024-09-09,2024-10-09,290.18,58.04,348.22,overdue,2024-11-08
INV000278,CON00175,2022-09-03,2022-10-03,2022-08-04,2022-09-03,323.72,64.74,388.46,paid,2022-10-03
INV000279,CON00163,2023-05-19,2023-06-18,2023-04-19,2023-05-19,176.67,35.33,212.0,pending,2023-06-18
INV000280,CON00055,2022-04-23,2022-05-23,2022-03-24,2022-04-23,471.35,94.27,565.62,cancelled,2022-05-23
INV000281,CON00071,2025-11-26,2025-12-26,2025-10-27,2025-11-26,151.39,30.28,181.67,pending,2025-12-26
INV000282,CON00144,2023-11-28,2023-12-28,2023-10-29,2023-11-28,429.38,85.88,515.26,paid,2023-12-28
INV000283,CON00187,2022-06-03,2022-07-03,2022-05-04,2022-06-03,264.19,52.84,317.03,cancelled,2022-07-03
INV000284,CON00012,2022-02-23,2022-03-25,2022-01-24,2022-02-23,491.19,98.24,589.43,paid,
INV000285,CON00048,2022-10-09,2022-11-08,2022-09-09,2022-10-09,467.76,93.55,561.31,overdue,2022-11-08
INV000286,CON00052,2024-01-13,2024-02-12,2023-12-14,2024-01-13,83.29,16.66,99.95,paid,2024-02-12
INV000287,CON00163,2022-09-11,2022-10-11,2022-08-12,2022-09-11,115.83,23.17,139.0,paid,2022-10-11
INV000288,CON00041,2023-04-20,2023-05-20,2023-03-21,2023-04-20,53.07,10.61,63.68,paid,2023-05-20
INV000289,CON00282,2025-01-13,2025-02-12,2024-12-14,2025-01-13,459.1,91.82,550.92,paid,2025-02-12
INV000290,CON00282,2025-03-28,2025-04-27,2025-02-26,2025-03-28,439.04,87.81,526.85,overdue,2025-04-27
INV000291,CON00283,2025-09-09,2025-10-09,2025-08-10,2025-09-09,169.85,33.97,203.82,pending,2025-10-09
INV000292,CON00021,2023-10-01,2023-10-31,2023-09-01,2023-10-01,461.85,92.37,554.22,pending,
INV000293,CON00171,2023-07-06,2023-08-05,2023-06-06,2023-07-06,378.31,75.66,453.97,paid,
INV000294,CON00003,2022-08-07,2022-09-06,2022-07-08,2022-08-07,448.96,89.79,538.75,paid,2022-09-06
INV000295,CON00185,2024-04-11,2024-05-11,2024-03-12,2024-04-11,284.72,56.94,341.66,paid,
INV000296,CON00288,2023-05-23,2023-06-22,2023-04-23,2023-05-23,68.54,13.71,82.25,paid,
INV000297,CON00292,2025-12-06,2026-01-05,2025-11-06,2025-12-06,437.35,87.47,524.82,cancelled,2026-01-05
INV000298,CON00241,2023-03-24,2023-04-23,2023-02-22,2023-03-24,372.51,74.5,447.01,paid,
INV000299,CON00261,2023-05-04,2023-06-03,2023-04-04,2023-05-04,495.13,99.03,594.16,paid,2023-06-03
INV000300,CON00140,2025-03-27,2025-04-26,2025-02-25,2025-03-27,403.49,80.7,484.19,paid,2025-04-26
INV000301,CON00122,2022-05-02,2022-06-01,2022-04-02,2022-05-02,231.97,46.39,278.36,overdue,2022-06-01
INV000302,CON00099,2024-12-16,2025-01-15,2024-11-16,2024-12-16,167.57,33.51,201.08,paid,2025-01-15
INV000303,CON00211,2025-03-30,2025-04-29,2025-02-28,2025-03-30,165.2,33.04,198.24,paid,2025-04-29
INV000304,CON00064,2025-12-18,2026-01-17,2025-11-18,2025-12-18,227.51,45.5,273.01,cancelled,2026-01-17
INV000305,CON00001,2022-08-23,2022-09-22,2022-07-24,2022-08-23,220.61,44.12,264.73,paid,2022-09-22
INV000306,CON00066,2025-03-26,2025-04-25,2025-02-24,2025-03-26,116.65,23.33,139.98,cancelled,2025-04-25
INV000307,CON00128,2022-09-29,2022-10-29,2022-08-30,2022-09-29,364.2,72.84,437.04,paid,2022-10-29
INV000308,CON00024,2022-05-28,2022-06-27,2022-04-28,2022-05-28,351.51,70.3,421.81,paid,2022-06-27
INV000309,CON00142,2022-08-19,2022-09-18,2022-07-20,2022-08-19,300.05,60.01,360.06,cancelled,2022-09-18
INV000310,CON00057,2025-11-26,2025-12-26,2025-10-27,2025-11-26,36.47,7.29,43.76,paid,2025-12-26
INV000311,CON00229,2022-10-23,2022-11-22,2022-09-23,2022-10-23,99.08,19.82,118.9,cancelled,2022-11-22
INV000312,CON00189,2023-10-28,2023-11-27,2023-09-28,2023-10-28,489.31,97.86,587.17,pending,2023-11-27
INV000313,CON00141,2024-06-27,2024-07-27,2024-05-28,2024-06-27,341.67,68.33,410.0,cancelled,
INV000314,CON00200,2023-12-25,2024-01-24,2023-11-25,2023-12-25,118.36,23.67,142.03,cancelled,2024-01-24
INV000315,CON00125,2024-09-30,2024-10-30,2024-08-31,2024-09-30,259.79,51.96,311.75,paid,2024-10-30
INV000316,CON00130,2022-01-07,2022-02-06,2021-12-08,2022-01-07,233.65,46.73,280.38,paid,
INV000317,CON00031,2024-07-28,2024-08-27,2024-06-28,2024-07-28,276.41,55.28,331.69,paid,2024-08-27
INV000318,CON00148,2022-10-16,2022-11-15,2022-09-16,2022-10-16,163.22,32.64,195.86,paid,2022-11-15
INV000319,CON00008,2024-08-27,2024-09-26,2024-07-28,2024-08-27,399.28,79.86,479.14,overdue,
INV000320,CON00233,2023-12-14,2024-01-13,2023-11-14,2023-12-14,172.5,34.5,207.0,paid,2024-01-13
INV000321,CON00142,2024-09-03,2024-10-03,2024-08-04,2024-09-03,482.85,96.57,579.42,paid,
INV000322,CON00113,2024-06-16,2024-07-16,2024-05-17,2024-06-16,455.26,91.05,546.31,paid,2024-07-16
INV000323,CON00249,2024-02-27,2024-03-28,2024-01-28,2024-02-27,132.87,26.57,159.44,overdue,2024-03-28
INV000324,CON00075,2022-08-13,2022-09-12,2022-07-14,2022-08-13,155.81,31.16,186.97,paid,2022-09-12
INV000325,CON00051,2023-07-11,2023-08-10,2023-06-11,2023-07-11,435.14,87.03,522.17,overdue,2023-08-10
INV000326,CON00207,2022-02-11,2022-03-13,2022-01-12,2022-02-11,59.59,11.92,71.51,paid,2022-03-13
INV000327,CON00145,2023-06-01,2023-07-01,2023-05-02,2023-06-01,410.56,82.11,492.67,cancelled,2023-07-01
INV000328,CON00295,2024-12-21,2025-01-20,2024-11-21,2024-12-21,463.26,92.65,555.91,cancelled,2025-01-20
INV000329,CON00271,2022-01-07,2022-02-06,2021-12-08,2022-01-07,100.08,20.02,120.1,paid,2022-02-06
INV000330,CON00284,2024-05-09,2024-06-08,2024-04-09,2024-05-09,296.94,59.39,356.33,paid,2024-06-08
INV000331,CON00096,2022-08-11,2022-09-10,2022-07-12,2022-08-11,374.33,74.87,449.2,cancelled,2022-09-10
INV000332,CON00129,2025-11-26,2025-12-26,2025-10-27,2025-11-26,408.16,81.63,489.79,overdue,
INV000333,CON00206,2025-10-03,2025-11-02,2025-09-03,2025-10-03,425.7,85.14,510.84,overdue,2025-11-02
INV000334,CON00183,2022-07-16,2022-08-15,2022-06-16,2022-07-16,208.56,41.71,250.27,overdue,
INV000335,CON00126,2023-10-28,2023-11-27,2023-09-28,2023-10-28,51.53,10.31,61.84,paid,2023-11-27
INV000336,CON00124,2024-12-26,2025-01-25,2024-11-26,2024-12-26,186.71,37.34,224.05,paid,2025-01-25
INV000337,CON00288,2022-02-03,2022-03-05,2022-01-04,2022-02-03,354.17,70.83,425.0,paid,2022-03-05
INV000338,CON00071,2023-04-19,2023-05-19,2023-03-20,2023-04-19,223.05,44.61,267.66,paid,2023-05-19
INV000339,CON00212,2024-12-31,2025-01-30,2024-12-01,2024-12-31,498.1,99.62,597.72,paid,
INV000340,CON00281,2024-06-22,2024-07-22,2024-05-23,2024-06-22,367.66,73.53,441.19,paid,2024-07-22
INV000341,CON00112,2024-01-30,2024-02-29,2023-12-31,2024-01-30,75.52,15.1,90.62,paid,
INV000342,CON00210,2022-09-04,2022-10-04,2022-08-05,2022-09-04,495.92,99.18,595.1,cancelled,2022-10-04
INV000343,CON00231,2023-03-05,2023-04-04,2023-02-03,2023-03-05,73.94,14.79,88.73,paid,2023-04-04
INV000344,CON00048,2023-05-28,2023-06-27,2023-04-28,2023-05-28,401.82,80.36,482.18,overdue,2023-06-27
INV000345,CON00124,2022-04-01,2022-05-01,2022-03-02,2022-04-01,253.73,50.75,304.48,paid,2022-05-01
INV000346,CON00004,2024-09-29,2024-10-29,2024-08-30,2024-09-29,414.02,82.8,496.82,paid,2024-10-29
INV000347,CON00170,2022-07-24,2022-08-23,2022-06-24,2022-07-24,71.69,14.34,86.03,overdue,2022-08-23
INV000348,CON00295,2023-07-23,2023-08-22,2023-06-23,2023-07-23,30.04,6.01,36.05,cancelled,2023-08-22
INV000349,CON00183,2024-07-15,2024-08-14,2024-06-15,2024-07-15,291.45,58.29,349.74,paid,
INV000350,CON00050,2025-07-08,2025-08-07,2025-06-08,2025-07-08,298.7,59.74,358.44,cancelled,2025-08-07
INV000351,CON00089,2022-11-18,2022-12-18,2022-10-19,2022-11-18,140.08,28.02,168.1,paid,2022-12-18
INV000352,CON00101,2023-03-05,2023-04-04,2023-02-03,2023-03-05,122.89,24.58,147.47,paid,2023-04-04
INV000353,CON00231,2023-04-08,2023-05-08,2023-03-09,2023-04-08,320.76,64.15,384.91,paid,
INV000354,CON00105,2024-01-21,2024-02-20,2023-12-22,2024-01-21,324.75,64.95,389.7,paid,2024-02-20
INV000355,CON00222,2022-11-12,2022-12-12,2022-10-13,2022-11-12,353.32,70.66,423.98,paid,2022-12-12
INV000356,CON00004,2022-12-17,2023-01-16,2022-11-17,2022-12-17,206.03,41.21,247.24,overdue,
INV000357,CON00216,2022-08-11,2022-09-10,2022-07-12,2022-08-11,69.87,13.97,83.84,paid,2022-09-10
INV000358,CON00079,2024-04-30,2024-05-30,2024-03-31,2024-04-30,80.97,16.19,97.16,paid,2024-05-30
INV000359,CON00086,2023-06-30,2023-07-30,2023-05-31,2023-06-30,365.44,73.09,438.53,cancelled,2023-07-30
INV000360,CON00272,2025-04-26,2025-05-26,2025-03-27,2025-04-26,452.52,90.5,543.02,overdue,2025-05-26
INV000361,CON00232,2022-11-19,2022-12-19,2022-10-20,2022-11-19,419.52,83.9,503.42,overdue,2022-12-19
INV000362,CON00291,2023-03-18,2023-04-17,2023-02-16,2023-03-18,478.2,95.64,573.84,pending,
INV000363,CON00228,2023-07-26,2023-08-25,2023-06-26,2023-07-26,178.39,35.68,214.07,overdue,2023-08-25
INV000364,CON00011,2023-02-06,2023-03-08,2023-01-07,2023-02-06,220.73,44.15,264.88,pending,2023-03-08
INV000365,CON00239,2022-07-06,2022-08-05,2022-06-06,2022-07-06,441.12,88.22,529.34,paid,2022-08-05
INV000366,CON00065,2022-04-21,2022-05-21,2022-03-22,2022-04-21,137.98,27.6,165.58,cancelled,2022-05-21
INV000367,CON00058,2025-02-21,2025-03-23,2025-01-22,2025-02-21,255.28,51.06,306.34,cancelled,2025-03-23
INV000368,CON00070,2022-04-19,2022-05-19,2022-03-20,2022-04-19,273.44,54.69,328.13,overdue,2022-05-19
INV000369,CON00065,2023-05-08,2023-06-07,2023-04-08,2023-05-08,456.76,91.35,548.11,overdue,2023-06-07
INV000370,CON00279,2022-06-01,2022-07-01,2022-05-02,2022-06-01,143.5,28.7,172.2,overdue,
INV000371,CON00269,2025-01-05,2025-02-04,2024-12-06,2025-01-05,73.96,14.79,88.75,paid,2025-02-04
INV000372,CON00070,2023-01-01,2023-01-31,2022-12-02,2023-01-01,50.69,10.14,60.83,pending,2023-01-31
INV000373,CON00106,2022-10-14,2022-11-13,2022-09-14,2022-10-14,407.35,81.47,488.82,paid,2022-11-13
INV000374,CON00046,2024-11-26,2024-12-26,2024-10-27,2024-11-26,99.48,19.9,119.38,pending,
INV000375,CON00280,2022-06-14,2022-07-14,2022-05-15,2022-06-14,376.74,75.35,452.09,paid,2022-07-14
INV000376,CON00142,2023-11-23,2023-12-23,2023-10-24,2023-11-23,44.08,8.82,52.9,paid,2023-12-23
INV000377,CON00013,2022-03-04,2022-04-03,2022-02-02,2022-03-04,69.31,13.86,83.17,paid,2022-04-03
INV000378,CON00300,2022-06-16,2022-07-16,2022-05-17,2022-06-16,68.84,13.77,82.61,paid,2022-07-16
INV000379,CON00051,2024-06-18,2024-07-18,2024-05-19,2024-06-18,398.32,79.66,477.98,overdue,2024-07-18
INV000380,CON00030,2025-07-15,2025-08-14,2025-06-15,2025-07-15,381.78,76.36,458.14,overdue,
INV000381,CON00077,2023-12-25,2024-01-24,2023-11-25,2023-12-25,177.04,35.41,212.45,cancelled,
INV000382,CON00259,2025-08-15,2025-09-14,2025-07-16,2025-08-15,166.24,33.25,199.49,paid,2025-09-14
INV000383,CON00044,2025-01-22,2025-02-21,2024-12-23,2025-01-22,412.0,82.4,494.4,overdue,2025-02-21
INV000384,CON00277,2024-09-03,2024-10-03,2024-08-04,2024-09-03,164.98,33.0,197.98,overdue,2024-10-03
INV000385,CON00040,2022-11-05,2022-12-05,2022-10-06,2022-11-05,112.59,22.52,135.11,paid,2022-12-05
INV000386,CON00022,2023-10-06,2023-11-05,2023-09-06,2023-10-06,208.34,41.67,250.01,paid,2023-11-05
INV000387,CON00240,2022-02-23,2022-03-25,2022-01-24,2022-02-23,50.75,10.15,60.9,paid,
INV000388,CON00134,2023-05-19,2023-06-18,2023-04-19,2023-05-19,207.61,41.52,249.13,cancelled,2023-06-18
INV000389,CON00186,2024-11-22,2024-12-22,2024-10-23,2024-11-22,159.29,31.86,191.15,paid,2024-12-22
INV000390,CON00289,2022-09-09,2022-10-09,2022-08-10,2022-09-09,140.83,28.17,169.0,paid,2022-10-09
INV000391,CON00262,2023-04-12,2023-05-12,2023-03-13,2023-04-12,495.61,99.12,594.73,paid,2023-05-12
INV000392,CON00188,2023-09-28,2023-10-28,2023-08-29,2023-09-28,416.14,83.23,499.37,overdue,2023-10-28
INV000393,CON00022,2025-02-05,2025-03-07,2025-01-06,2025-02-05,365.72,73.14,438.86,cancelled,2025-03-07
INV000394,CON00209,2023-03-02,2023-04-01,2023-01-31,2023-03-02,142.98,28.6,171.58,overdue,2023-04-01
INV000395,CON00286,2024-07-31,2024-08-30,2024-07-01,2024-07-31,320.5,64.1,384.6,paid,2024-08-30
INV000396,CON00270,2023-01-14,2023-02-13,2022-12-15,2023-01-14,89.11,17.82,106.93,paid,2023-02-13
INV000397,CON00025,2022-09-08,2022-10-08,2022-08-09,2022-09-08,436.67,87.33,524.0,paid,2022-10-08
INV000398,CON00064,2025-02-12,2025-03-14,2025-01-13,2025-02-12,460.16,92.03,552.19,cancelled,
INV000399,CON00133,2025-08-11,2025-09-10,2025-07-12,2025-08-11,113.4,22.68,136.08,pending,2025-09-10
INV000400,CON00128,2024-11-22,2024-12-22,2024-10-23,2024-11-22,121.11,24.22,145.33,cancelled,2024-12-22
INV000401,CON00271,2025-08-19,2025-09-18,2025-07-20,2025-08-19,60.16,12.03,72.19,paid,2025-09-18
INV000402,CON00034,2022-10-17,2022-11-16,2022-09-17,2022-10-17,357.42,71.48,428.9,overdue,2022-11-16
INV000403,CON00088,2024-12-04,2025-01-03,2024-11-04,2024-12-04,298.57,59.71,358.28,cancelled,2025-01-03
INV000404,CON00158,2024-04-14,2024-05-14,2024-03-15,2024-04-14,169.87,33.97,203.84,paid,2024-05-14
INV000405,CON00215,2022-09-25,2022-10-25,2022-08-26,2022-09-25,203.08,40.62,243.7,cancelled,2022-10-25
INV000406,CON00221,2023-03-15,2023-04-14,2023-02-13,2023-03-15,78.92,15.78,94.7,paid,
INV000407,CON00021,2024-03-10,2024-04-09,2024-02-09,2024-03-10,167.06,33.41,200.47,cancelled,2024-04-09
INV000408,CON00182,2024-02-05,2024-03-06,2024-01-06,2024-02-05,386.1,77.22,463.32,paid,
INV000409,CON00118,2025-10-15,2025-11-14,2025-09-15,2025-10-15,203.45,40.69,244.14,overdue,2025-11-14
INV000410,CON00151,2023-01-28,2023-02-27,2022-12-29,2023-01-28,480.83,96.17,577.0,cancelled,
INV000411,CON00044,2024-08-20,2024-09-19,2024-07-21,2024-08-20,207.32,41.46,248.78,pending,2024-09-19
INV000412,CON00149,2024-11-16,2024-12-16,2024-10-17,2024-11-16,300.58,60.12,360.7,overdue,2024-12-16
INV000413,CON00012,2023-04-08,2023-05-08,2023-03-09,2023-04-08,373.47,74.69,448.16,paid,2023-05-08
INV000414,CON00257,2024-11-28,2024-12-28,2024-10-29,2024-11-28,113.87,22.77,136.64,paid,2024-12-28
INV000415,CON00069,2024-08-11,2024-09-10,2024-07-12,2024-08-11,316.74,63.35,380.09,cancelled,
INV000416,CON00175,2022-03-18,2022-04-17,2022-02-16,2022-03-18,166.16,33.23,199.39,cancelled,
INV000417,CON00150,2023-05-05,2023-06-04,2023-04-05,2023-05-05,126.18,25.24,151.42,paid,2023-06-04
INV000418,CON00182,2023-02-02,2023-03-04,2023-01-03,2023-02-02,419.41,83.88,503.29,paid,2023-03-04
INV000419,CON00063,2024-03-19,2024-04-18,2024-02-18,2024-03-19,372.37,74.47,446.84,paid,2024-04-18
INV000420,CON00047,2022-07-13,2022-08-12,2022-06-13,2022-07-13,364.31,72.86,437.17,pending,2022-08-12
INV000421,CON00064,2025-01-19,2025-02-18,2024-12-20,2025-01-19,52.72,10.54,63.26,paid,2025-02-18
INV000422,CON00047,2025-07-16,2025-08-15,2025-06-16,2025-07-16,349.03,69.81,418.84,pending,2025-08-15
INV000423,CON00208,2025-08-11,2025-09-10,2025-07-12,2025-08-11,181.82,36.36,218.18,paid,
INV000424,CON00209,2022-03-13,2022-04-12,2022-02-11,2022-03-13,369.98,74.0,443.98,paid,2022-04-12
INV000425,CON00259,2024-10-14,2024-11-13,2024-09-14,2024-10-14,386.45,77.29,463.74,paid,2024-11-13
INV000426,CON00049,2024-08-03,2024-09-02,2024-07-04,2024-08-03,481.55,96.31,577.86,pending,2024-09-02
INV000427,CON00269,2022-01-18,2022-02-17,2021-12-19,2022-01-18,35.02,7.0,42.02,paid,2022-02-17
INV000428,CON00014,2022-03-02,2022-04-01,2022-01-31,2022-03-02,305.46,61.09,366.55,paid,2022-04-01
INV000429,CON00058,2025-01-30,2025-03-01,2024-12-31,2025-01-30,90.12,18.02,108.14,overdue,2025-03-01
INV000430,CON00007,2023-05-16,2023-06-15,2023-04-16,2023-05-16,353.55,70.71,424.26,paid,2023-06-15
INV000431,CON00255,2023-06-25,2023-07-25,2023-05-26,2023-06-25,372.75,74.55,447.3,overdue,
INV000432,CON00213,2022-01-07,2022-02-06,2021-12-08,2022-01-07,444.67,88.93,533.6,cancelled,2022-02-06
INV000433,CON00189,2025-06-02,2025-07-02,2025-05-03,2025-06-02,402.28,80.46,482.74,paid,2025-07-02
INV000434,CON00040,2023-09-30,2023-10-30,2023-08-31,2023-09-30,313.73,62.75,376.48,paid,2023-10-30
INV000435,CON00295,2023-08-11,2023-09-10,2023-07-12,2023-08-11,81.16,16.23,97.39,paid,2023-09-10
INV000436,CON00204,2024-12-21,2025-01-20,2024-11-21,2024-12-21,254.35,50.87,305.22,paid,2025-01-20
INV000437,CON00209,2023-02-03,2023-03-05,2023-01-04,2023-02-03,110.18,22.04,132.22,cancelled,
INV000438,CON00111,2025-05-27,2025-06-26,2025-04-27,2025-05-27,312.92,62.58,375.5,paid,
INV000439,CON00232,2023-07-18,2023-08-17,2023-06-18,2023-07-18,187.54,37.51,225.05,pending,
INV000440,CON00131,2022-03-16,2022-04-15,2022-02-14,2022-03-16,356.85,71.37,428.22,cancelled,2022-04-15
INV000441,CON00267,2025-01-02,2025-02-01,2024-12-03,2025-01-02,221.41,44.28,265.69,cancelled,
INV000442,CON00188,2025-07-15,2025-08-14,2025-06-15,2025-07-15,39.99,8.0,47.99,paid,2025-08-14
INV000443,CON00203,2024-05-27,2024-06-26,2024-04-27,2024-05-27,234.62,46.92,281.54,cancelled,
INV000444,CON00050,2022-08-27,2022-09-26,2022-07-28,2022-08-27,380.78,76.16,456.94,pending,2022-09-26
INV000445,CON00010,2022-03-28,2022-04-27,2022-02-26,2022-03-28,473.61,94.72,568.33,paid,2022-04-27
INV000446,CON00105,2024-01-10,2024-02-09,2023-12-11,2024-01-10,213.58,42.72,256.3,overdue,
INV000447,CON00014,2024-03-02,2024-04-01,2024-02-01,2024-03-02,102.38,20.48,122.86,pending,
INV000448,CON00109,2022-07-24,2022-08-23,2022-06-24,2022-07-24,477.81,95.56,573.37,paid,2022-08-23
INV000449,CON00175,2023-12-30,2024-01-29,2023-11-30,2023-12-30,54.46,10.89,65.35,pending,2024-01-29
INV000450,CON00094,2024-06-12,2024-07-12,2024-05-13,2024-06-12,298.86,59.77,358.63,pending,2024-07-12
INV000451,CON00249,2024-05-19,2024-06-18,2024-04-19,2024-05-19,388.63,77.73,466.36,cancelled,2024-06-18
INV000452,CON00108,2024-12-10,2025-01-09,2024-11-10,2024-12-10,420.75,84.15,504.9,paid,2025-01-09
INV000453,CON00021,2022-08-26,2022-09-25,2022-07-27,2022-08-26,143.79,28.76,172.55,overdue,
INV000454,CON00271,2024-07-05,2024-08-04,2024-06-05,2024-07-05,396.71,79.34,476.05,paid,2024-08-04
INV000455,CON00245,2025-09-28,2025-10-28,2025-08-29,2025-09-28,458.98,91.8,550.78,cancelled,2025-10-28
INV000456,CON00070,2024-04-14,2024-05-14,2024-03-15,2024-04-14,51.68,10.34,62.02,paid,2024-05-14
INV000457,CON00064,2022-04-20,2022-05-20,2022-03-21,2022-04-20,78.16,15.63,93.79,paid,2022-05-20
INV000458,CON00010,2025-05-25,2025-06-24,2025-04-25,2025-05-25,416.46,83.29,499.75,overdue,2025-06-24
INV000459,CON00290,2025-04-04,2025-05-04,2025-03-05,2025-04-04,362.55,72.51,435.06,paid,2025-05-04
INV000460,CON00094,2022-02-02,2022-03-04,2022-01-03,2022-02-02,365.89,73.18,439.07,pending,2022-03-04
INV000461,CON00299,2022-12-06,2023-01-05,2022-11-06,2022-12-06,219.34,43.87,263.21,overdue,2023-01-05
INV000462,CON00216,2025-07-02,2025-08-01,2025-06-02,2025-07-02,299.18,59.84,359.02,pending,2025-08-01
INV000463,CON00152,2025-02-05,2025-03-07,2025-01-06,2025-02-05,331.62,66.32,397.94,overdue,2025-03-07
INV000464,CON00234,2022-07-03,2022-08-02,2022-06-03,2022-07-03,447.9,89.58,537.48,paid,
INV000465,CON00188,2025-04-01,2025-05-01,2025-03-02,2025-04-01,210.53,42.11,252.64,overdue,2025-05-01
INV000466,CON00170,2025-03-03,2025-04-02,2025-02-01,2025-03-03,78.38,15.68,94.06,paid,2025-04-02
INV000467,CON00159,2025-03-12,2025-04-11,2025-02-10,2025-03-12,320.83,64.17,385.0,paid,2025-04-11
INV000468,CON00098,2022-08-10,2022-09-09,2022-07-11,2022-08-10,116.93,23.39,140.32,paid,2022-09-09
INV000469,CON00073,2024-05-30,2024-06-29,2024-04-30,2024-05-30,219.98,44.0,263.98,overdue,2024-06-29
INV000470,CON00029,2024-04-15,2024-05-15,2024-03-16,2024-04-15,322.44,64.49,386.93,paid,2024-05-15
INV000471,CON00243,2022-11-14,2022-12-14,2022-10-15,2022-11-14,217.06,43.41,260.47,paid,2022-12-14
INV000472,CON00214,2022-03-04,2022-04-03,2022-02-02,2022-03-04,331.71,66.34,398.05,paid,2022-04-03
INV000473,CON00159,2025-02-24,2025-03-26,2025-01-25,2025-02-24,473.22,94.64,567.86,cancelled,2025-03-26
INV000474,CON00113,2023-10-30,2023-11-29,2023-09-30,2023-10-30,344.97,68.99,413.96,overdue,2023-11-29
INV000475,CON00125,2024-12-01,2024-12-31,2024-11-01,2024-12-01,95.11,19.02,114.13,overdue,2024-12-31
INV000476,CON00146,2022-01-07,2022-02-06,2021-12-08,2022-01-07,451.71,90.34,542.05,pending,2022-02-06
INV000477,CON00061,2022-10-19,2022-11-18,2022-09-19,2022-10-19,454.06,90.81,544.87,overdue,2022-11-18
INV000478,CON00175,2022-03-03,2022-04-02,2022-02-01,2022-03-03,288.15,57.63,345.78,paid,2022-04-02
INV000479,CON00184,2025-01-20,2025-02-19,2024-12-21,2025-01-20,347.98,69.6,417.58,pending,2025-02-19
INV000480,CON00048,2025-02-01,2025-03-03,2025-01-02,2025-02-01,209.74,41.95,251.69,pending,2025-03-03
INV000481,CON00038,2023-03-20,2023-04-19,2023-02-18,2023-03-20,37.02,7.4,44.42,pending,2023-04-19
INV000482,CON00051,2025-10-08,2025-11-07,2025-09-08,2025-10-08,420.39,84.08,504.47,paid,2025-11-07
INV000483,CON00271,2023-10-05,2023-11-04,2023-09-05,2023-10-05,298.61,59.72,358.33,paid,2023-11-04
INV000484,CON00099,2023-07-01,2023-07-31,2023-06-01,2023-07-01,217.38,43.48,260.86,paid,2023-07-31
INV000485,CON00160,2024-11-08,2024-12-08,2024-10-09,2024-11-08,157.79,31.56,189.35,paid,2024-12-08
INV000486,CON00085,2024-09-06,2024-10-06,2024-08-07,2024-09-06,383.6,76.72,460.32,paid,
INV000487,CON00264,2024-06-08,2024-07-08,2024-05-09,2024-06-08,312.18,62.44,374.62,pending,
INV000488,CON00029,2022-08-28,2022-09-27,2022-07-29,2022-08-28,421.84,84.37,506.21,pending,2022-09-27
INV000489,CON00039,2022-06-16,2022-07-16,2022-05-17,2022-06-16,344.11,68.82,412.93,overdue,2022-07-16
INV000490,CON00014,2022-04-09,2022-05-09,2022-03-10,2022-04-09,474.31,94.86,569.17,pending,2022-05-09
INV000491,CON00143,2022-06-14,2022-07-14,2022-05-15,2022-06-14,167.73,33.55,201.28,overdue,
INV000492,CON00165,2022-04-22,2022-05-22,2022-03-23,2022-04-22,242.97,48.59,291.56,paid,2022-05-22
INV000493,CON00268,2023-02-06,2023-03-08,2023-01-07,2023-02-06,439.77,87.95,527.72,pending,2023-03-08
INV000494,CON00074,2022-04-14,2022-05-14,2022-03-15,2022-04-14,373.09,74.62,447.71,paid,2022-05-14
INV000495,CON00139,2022-02-04,2022-03-06,2022-01-05,2022-02-04,450.99,90.2,541.19,pending,2022-03-06
INV000496,CON00145,2024-03-11,2024-04-10,2024-02-10,2024-03-11,106.29,21.26,127.55,cancelled,2024-04-10
INV000497,CON00072,2024-04-05,2024-05-05,2024-03-06,2024-04-05,388.59,77.72,466.31,pending,2024-05-05
INV000498,CON00071,2023-12-07,2024-01-06,2023-11-07,2023-12-07,39.15,7.83,46.98,paid,2024-01-06
INV000499,CON00252,2025-07-04,2025-08-03,2025-06-04,2025-07-04,418.22,83.64,501.86,pending,2025-08-03
INV000500,CON00083,2025-03-03,2025-04-02,2025-02-01,2025-03-03,358.66,71.73,430.39,overdue,
INV000501,CON00135,2022-02-16,2022-03-18,2022-01-17,2022-02-16,216.72,43.34,260.06,overdue,2022-03-18
INV000502,CON00135,2022-05-18,2022-06-17,2022-04-18,2022-05-18,486.04,97.21,583.25,paid,2022-06-17
INV000503,CON00119,2022-07-02,2022-08-01,2022-06-02,2022-07-02,470.5,94.1,564.6,paid,2022-08-01
INV000504,CON00088,2023-02-19,2023-03-21,2023-01-20,2023-02-19,192.03,38.41,230.44,pending,
INV000505,CON00279,2022-06-12,2022-07-12,2022-05-13,2022-06-12,248.2,49.64,297.84,paid,2022-07-12
INV000506,CON00085,2025-10-20,2025-11-19,2025-09-20,2025-10-20,77.78,15.56,93.34,overdue,
INV000507,CON00195,2022-08-19,2022-09-18,2022-07-20,2022-08-19,132.87,26.57,159.44,pending,2022-09-18
INV000508,CON00263,2025-10-03,2025-11-02,2025-09-03,2025-10-03,179.35,35.87,215.22,pending,2025-11-02
INV000509,CON00294,2023-12-08,2024-01-07,2023-11-08,2023-12-08,206.71,41.34,248.05,paid,2024-01-07
INV000510,CON00039,2025-09-29,2025-10-29,2025-08-30,2025-09-29,286.24,57.25,343.49,paid,2025-10-29
INV000511,CON00026,2022-12-12,2023-01-11,2022-11-12,2022-12-12,436.34,87.27,523.61,paid,
INV000512,CON00203,2023-08-26,2023-09-25,2023-07-27,2023-08-26,269.83,53.97,323.8,paid,2023-09-25
INV000513,CON00146,2022-04-19,2022-05-19,2022-03-20,2022-04-19,141.16,28.23,169.39,paid,2022-05-19
INV000514,CON00053,2024-03-26,2024-04-25,2024-02-25,2024-03-26,251.09,50.22,301.31,paid,2024-04-25
INV000515,CON00238,2024-10-20,2024-11-19,2024-09-20,2024-10-20,343.62,68.72,412.34,paid,2024-11-19
INV000516,CON00039,2022-01-29,2022-02-28,2021-12-30,2022-01-29,421.96,84.39,506.35,cancelled,
INV000517,CON00252,2025-04-21,2025-05-21,2025-03-22,2025-04-21,282.03,56.41,338.44,paid,
INV000518,CON00100,2023-06-19,2023-07-19,2023-05-20,2023-06-19,274.13,54.83,328.96,pending,
INV000519,CON00280,2023-11-28,2023-12-28,2023-10-29,2023-11-28,375.24,75.05,450.29,pending,2023-12-28
INV000520,CON00225,2023-04-24,2023-05-24,2023-03-25,2023-04-24,386.2,77.24,463.44,paid,2023-05-24
INV000521,CON00277,2023-05-13,2023-06-12,2023-04-13,2023-05-13,442.02,88.4,530.42,overdue,
INV000522,CON00164,2024-04-16,2024-05-16,2024-03-17,2024-04-16,43.7,8.74,52.44,paid,2024-05-16
INV000523,CON00231,2022-02-16,2022-03-18,2022-01-17,2022-02-16,261.63,52.33,313.96,cancelled,2022-03-18
INV000524,CON00220,2024-04-04,2024-05-04,2024-03-05,2024-04-04,349.95,69.99,419.94,paid,2024-05-04
INV000525,CON00032,2024-04-04,2024-05-04,2024-03-05,2024-04-04,434.62,86.92,521.54,pending,2024-05-04
INV000526,CON00208,2024-11-27,2024-12-27,2024-10-28,2024-11-27,396.55,79.31,475.86,paid,2024-12-27
INV000527,CON00008,2024-01-18,2024-02-17,2023-12-19,2024-01-18,389.33,77.87,467.2,pending,2024-02-17
INV000528,CON00044,2025-09-11,2025-10-11,2025-08-12,2025-09-11,425.12,85.02,510.14,paid,2025-10-11
INV000529,CON00179,2023-11-03,2023-12-03,2023-10-04,2023-11-03,346.73,69.35,416.08,paid,2023-12-03
INV000530,CON00188,2022-01-31,2022-03-02,2022-01-01,2022-01-31,395.32,79.06,474.38,overdue,2022-03-02
INV000531,CON00054,2025-11-07,2025-12-07,2025-10-08,2025-11-07,154.51,30.9,185.41,overdue,
INV000532,CON00038,2024-12-06,2025-01-05,2024-11-06,2024-12-06,336.11,67.22,403.33,paid,
INV000533,CON00293,2022-10-12,2022-11-11,2022-09-12,2022-10-12,183.87,36.77,220.64,pending,2022-11-11
INV000534,CON00021,2025-02-15,2025-03-17,2025-01-16,2025-02-15,307.6,61.52,369.12,cancelled,2025-03-17
INV000535,CON00221,2025-06-30,2025-07-30,2025-05-31,2025-06-30,316.21,63.24,379.45,paid,2025-07-30
INV000536,CON00009,2022-11-21,2022-12-21,2022-10-22,2022-11-21,89.63,17.93,107.56,paid,2022-12-21
INV000537,CON00018,2025-05-24,2025-06-23,2025-04-24,2025-05-24,355.14,71.03,426.17,paid,2025-06-23
INV000538,CON00278,2024-06-06,2024-07-06,2024-05-07,2024-06-06,488.25,97.65,585.9,overdue,2024-07-06
INV000539,CON00129,2024-11-05,2024-12-05,2024-10-06,2024-11-05,485.46,97.09,582.55,cancelled,
INV000540,CON00173,2025-06-02,2025-07-02,2025-05-03,2025-06-02,270.74,54.15,324.89,cancelled,
INV000541,CON00044,2023-08-04,2023-09-03,2023-07-05,2023-08-04,192.99,38.6,231.59,cancelled,2023-09-03
INV000542,CON00235,2022-03-15,2022-04-14,2022-02-13,2022-03-15,356.78,71.36,428.14,pending,
INV000543,CON00092,2023-04-27,2023-05-27,2023-03-28,2023-04-27,450.74,90.15,540.89,pending,2023-05-27
INV000544,CON00245,2023-02-06,2023-03-08,2023-01-07,2023-02-06,283.46,56.69,340.15,cancelled,
INV000545,CON00232,2023-07-17,2023-08-16,2023-06-17,2023-07-17,208.81,41.76,250.57,paid,2023-08-16
INV000546,CON00033,2025-07-09,2025-08-08,2025-06-09,2025-07-09,341.94,68.39,410.33,pending,2025-08-08
INV000547,CON00273,2024-10-05,2024-11-04,2024-09-05,2024-10-05,210.7,42.14,252.84,paid,2024-11-04
INV000548,CON00295,2024-06-12,2024-07-12,2024-05-13,2024-06-12,267.73,53.55,321.28,cancelled,2024-07-12
INV000549,CON00067,2023-10-18,2023-11-17,2023-09-18,2023-10-18,272.57,54.51,327.08,paid,2023-11-17
INV000550,CON00020,2025-08-10,2025-09-09,2025-07-11,2025-08-10,280.11,56.02,336.13,cancelled,2025-09-09
INV000551,CON00205,2025-08-10,2025-09-09,2025-07-11,2025-08-10,117.53,23.51,141.04,cancelled,2025-09-09
INV000552,CON00189,2022-04-17,2022-05-17,2022-03-18,2022-04-17,356.89,71.38,428.27,paid,2022-05-17
INV000553,CON00185,2024-03-10,2024-04-09,2024-02-09,2024-03-10,209.04,41.81,250.85,overdue,2024-04-09
INV000554,CON00234,2025-03-11,2025-04-10,2025-02-09,2025-03-11,48.01,9.6,57.61,cancelled,
INV000555,CON00144,2025-01-14,2025-02-13,2024-12-15,2025-01-14,112.68,22.54,135.22,cancelled,2025-02-13
INV000556,CON00192,2023-07-04,2023-08-03,2023-06-04,2023-07-04,148.07,29.61,177.68,overdue,2023-08-03
INV000557,CON00202,2023-02-06,2023-03-08,2023-01-07,2023-02-06,95.97,19.19,115.16,overdue,2023-03-08
INV000558,CON00127,2025-07-22,2025-08-21,2025-06-22,2025-07-22,477.27,95.45,572.72,cancelled,2025-08-21
INV000559,CON00295,2023-07-06,2023-08-05,2023-06-06,2023-07-06,401.08,80.22,481.3,paid,2023-08-05
INV000560,CON00100,2025-01-23,2025-02-22,2024-12-24,2025-01-23,481.42,96.28,577.7,overdue,2025-02-22
INV000561,CON00175,2024-04-09,2024-05-09,2024-03-10,2024-04-09,107.28,21.46,128.74,paid,2024-05-09
INV000562,CON00168,2023-01-18,2023-02-17,2022-12-19,2023-01-18,280.53,56.11,336.64,paid,2023-02-17
INV000563,CON00248,2022-12-31,2023-01-30,2022-12-01,2022-12-31,459.56,91.91,551.47,paid,2023-01-30
INV000564,CON00295,2022-12-18,2023-01-17,2022-11-18,2022-12-18,219.72,43.94,263.66,overdue,2023-01-17
INV000565,CON00114,2023-12-05,2024-01-04,2023-11-05,2023-12-05,278.98,55.8,334.78,cancelled,2024-01-04
INV000566,CON00115,2024-10-30,2024-11-29,2024-09-30,2024-10-30,79.92,15.98,95.9,cancelled,2024-11-29
INV000567,CON00188,2022-02-22,2022-03-24,2022-01-23,2022-02-22,477.27,95.45,572.72,pending,2022-03-24
INV000568,CON00198,2025-02-18,2025-03-20,2025-01-19,2025-02-18,182.46,36.49,218.95,overdue,2025-03-20
INV000569,CON00250,2025-10-24,2025-11-23,2025-09-24,2025-10-24,165.03,33.01,198.04,paid,2025-11-23
INV000570,CON00100,2023-09-20,2023-10-20,2023-08-21,2023-09-20,325.22,65.04,390.26,paid,2023-10-20
INV000571,CON00263,2025-03-27,2025-04-26,2025-02-25,2025-03-27,65.02,13.0,78.02,paid,2025-04-26
INV000572,CON00248,2022-12-04,2023-01-03,2022-11-04,2022-12-04,52.04,10.41,62.45,overdue,2023-01-03
INV000573,CON00171,2025-04-06,2025-05-06,2025-03-07,2025-04-06,140.93,28.19,169.12,paid,
INV000574,CON00187,2023-03-07,2023-04-06,2023-02-05,2023-03-07,215.43,43.09,258.52,paid,2023-04-06
INV000575,CON00233,2022-08-09,2022-09-08,2022-07-10,2022-08-09,183.58,36.72,220.3,paid,2022-09-08
INV000576,CON00111,2022-12-22,2023-01-21,2022-11-22,2022-12-22,202.07,40.41,242.48,paid,2023-01-21
INV000577,CON00244,2024-12-10,2025-01-09,2024-11-10,2024-12-10,75.77,15.15,90.92,pending,2025-01-09
INV000578,CON00163,2022-04-04,2022-05-04,2022-03-05,2022-04-04,37.55,7.51,45.06,overdue,2022-05-04
INV000579,CON00077,2025-11-28,2025-12-28,2025-10-29,2025-11-28,436.2,87.24,523.44,paid,2025-12-28
INV000580,CON00045,2022-03-14,2022-04-13,2022-02-12,2022-03-14,394.88,78.98,473.86,paid,2022-04-13
INV000581,CON00271,2022-09-07,2022-10-07,2022-08-08,2022-09-07,357.16,71.43,428.59,overdue,2022-10-07
INV000582,CON00031,2025-05-24,2025-06-23,2025-04-24,2025-05-24,374.28,74.86,449.14,paid,2025-06-23
INV000583,CON00004,2023-07-11,2023-08-10,2023-06-11,2023-07-11,199.66,39.93,239.59,paid,2023-08-10
INV000584,CON00270,2025-02-16,2025-03-18,2025-01-17,2025-02-16,432.53,86.51,519.04,paid,2025-03-18
INV000585,CON00071,2023-11-09,2023-12-09,2023-10-10,2023-11-09,291.98,58.4,350.38,pending,2023-12-09
INV000586,CON00167,2025-04-10,2025-05-10,2025-03-11,2025-04-10,268.03,53.61,321.64,pending,2025-05-10
INV000587,CON00144,2023-09-04,2023-10-04,2023-08-05,2023-09-04,435.42,87.08,522.5,paid,2023-10-04
INV000588,CON00173,2024-11-10,2024-12-10,2024-10-11,2024-11-10,188.52,37.7,226.22,cancelled,2024-12-10
INV000589,CON00144,2025-01-13,2025-02-12,2024-12-14,2025-01-13,327.12,65.42,392.54,cancelled,2025-02-12
INV000590,CON00187,2023-10-12,2023-11-11,2023-09-12,2023-10-12,400.18,80.04,480.22,overdue,2023-11-11
INV000591,CON00258,2022-09-21,2022-10-21,2022-08-22,2022-09-21,173.13,34.63,207.76,overdue,2022-10-21
INV000592,CON00043,2025-11-20,2025-12-20,2025-10-21,2025-11-20,231.21,46.24,277.45,paid,
INV000593,CON00004,2022-03-22,2022-04-21,2022-02-20,2022-03-22,50.15,10.03,60.18,paid,2022-04-21
INV000594,CON00118,2025-04-15,2025-05-15,2025-03-16,2025-04-15,334.25,66.85,401.1,paid,
INV000595,CON00122,2022-09-26,2022-10-26,2022-08-27,2022-09-26,332.05,66.41,398.46,paid,2022-10-26
INV000596,CON00163,2022-05-22,2022-06-21,2022-04-22,2022-05-22,127.92,25.58,153.5,paid,2022-06-21
INV000597,CON00018,2024-12-04,2025-01-03,2024-11-04,2024-12-04,125.92,25.18,151.1,cancelled,2025-01-03
INV000598,CON00094,2025-10-28,2025-11-27,2025-09-28,2025-10-28,77.17,15.43,92.6,paid,2025-11-27
INV000599,CON00267,2024-12-10,2025-01-09,2024-11-10,2024-12-10,319.95,63.99,383.94,pending,2025-01-09
INV000600,CON00252,2022-10-23,2022-11-22,2022-09-23,2022-10-23,264.8,52.96,317.76,cancelled,2022-11-22
INV000601,CON00114,2024-05-16,2024-06-15,2024-04-16,2024-05-16,241.03,48.21,289.24,cancelled,2024-06-15
INV000602,CON00150,2025-08-10,2025-09-09,2025-07-11,2025-08-10,224.24,44.85,269.09,cancelled,
INV000603,CON00188,2024-11-21,2024-12-21,2024-10-22,2024-11-21,492.85,98.57,591.42,cancelled,
INV000604,CON00189,2023-08-13,2023-09-12,2023-07-14,2023-08-13,128.3,25.66,153.96,paid,2023-09-12
INV000605,CON00089,2025-12-20,2026-01-19,2025-11-20,2025-12-20,285.38,57.08,342.46,paid,2026-01-19
INV000606,CON00098,2022-05-09,2022-06-08,2022-04-09,2022-05-09,89.36,17.87,107.23,overdue,
INV000607,CON00004,2025-07-07,2025-08-06,2025-06-07,2025-07-07,173.29,34.66,207.95,paid,
INV000608,CON00005,2022-07-04,2022-08-03,2022-06-04,2022-07-04,274.21,54.84,329.05,pending,2022-08-03
INV000609,CON00082,2023-02-22,2023-03-24,2023-01-23,2023-02-22,367.25,73.45,440.7,pending,2023-03-24
INV000610,CON00273,2022-12-05,2023-01-04,2022-11-05,2022-12-05,390.46,78.09,468.55,pending,2023-01-04
INV000611,CON00045,2025-09-24,2025-10-24,2025-08-25,2025-09-24,244.33,48.87,293.2,paid,2025-10-24
INV000612,CON00246,2024-08-08,2024-09-07,2024-07-09,2024-08-08,180.8,36.16,216.96,cancelled,2024-09-07
INV000613,CON00288,2025-07-09,2025-08-08,2025-06-09,2025-07-09,154.85,30.97,185.82,paid,2025-08-08
INV000614,CON00293,2022-03-08,2022-04-07,2022-02-06,2022-03-08,182.95,36.59,219.54,overdue,
INV000615,CON00233,2024-02-23,2024-03-24,2024-01-24,2024-02-23,452.84,90.57,543.41,overdue,2024-03-24
INV000616,CON00053,2024-03-14,2024-04-13,2024-02-13,2024-03-14,54.96,10.99,65.95,paid,2024-04-13
INV000617,CON00062,2025-08-14,2025-09-13,2025-07-15,2025-08-14,250.32,50.06,300.38,paid,2025-09-13
INV000618,CON00111,2023-02-11,2023-03-13,2023-01-12,2023-02-11,238.16,47.63,285.79,cancelled,2023-03-13
INV000619,CON00290,2025-09-04,2025-10-04,2025-08-05,2025-09-04,303.8,60.76,364.56,paid,2025-10-04
INV000620,CON00015,2023-10-30,2023-11-29,2023-09-30,2023-10-30,115.44,23.09,138.53,paid,2023-11-29
INV000621,CON00291,2025-06-13,2025-07-13,2025-05-14,2025-06-13,130.63,26.13,156.76,pending,2025-07-13
INV000622,CON00052,2024-05-24,2024-06-23,2024-04-24,2024-05-24,405.72,81.14,486.86,cancelled,2024-06-23
INV000623,CON00039,2025-08-04,2025-09-03,2025-07-05,2025-08-04,172.5,34.5,207.0,overdue,2025-09-03
INV000624,CON00122,2022-12-08,2023-01-07,2022-11-08,2022-12-08,182.8,36.56,219.36,paid,2023-01-07
INV000625,CON00126,2025-03-28,2025-04-27,2025-02-26,2025-03-28,432.18,86.44,518.62,overdue,2025-04-27
INV000626,CON00285,2023-09-23,2023-10-23,2023-08-24,2023-09-23,155.39,31.08,186.47,paid,2023-10-23
INV000627,CON00238,2024-10-06,2024-11-05,2024-09-06,2024-10-06,132.87,26.57,159.44,pending,2024-11-05
INV000628,CON00011,2025-03-15,2025-04-14,2025-02-13,2025-03-15,186.33,37.27,223.6,paid,2025-04-14
INV000629,CON00256,2025-06-05,2025-07-05,2025-05-06,2025-06-05,366.28,73.26,439.54,paid,
INV000630,CON00229,2025-05-21,2025-06-20,2025-04-21,2025-05-21,417.69,83.54,501.23,overdue,2025-06-20
INV000631,CON00096,2025-03-15,2025-04-14,2025-02-13,2025-03-15,111.94,22.39,134.33,paid,
INV000632,CON00170,2023-05-20,2023-06-19,2023-04-20,2023-05-20,343.36,68.67,412.03,overdue,2023-06-19
INV000633,CON00270,2024-10-16,2024-11-15,2024-09-16,2024-10-16,367.82,73.56,441.38,paid,2024-11-15
INV000634,CON00168,2022-10-11,2022-11-10,2022-09-11,2022-10-11,302.4,60.48,362.88,overdue,2022-11-10
INV000635,CON00266,2023-05-13,2023-06-12,2023-04-13,2023-05-13,91.41,18.28,109.69,paid,2023-06-12
INV000636,CON00051,2022-10-03,2022-11-02,2022-09-03,2022-10-03,402.82,80.56,483.38,pending,2022-11-02
INV000637,CON00028,2025-01-27,2025-02-26,2024-12-28,2025-01-27,118.57,23.71,142.28,paid,2025-02-26
INV000638,CON00136,2025-02-09,2025-03-11,2025-01-10,2025-02-09,259.8,51.96,311.76,cancelled,2025-03-11
INV000639,CON00266,2024-10-28,2024-11-27,2024-09-28,2024-10-28,267.78,53.56,321.34,overdue,2024-11-27
INV000640,CON00108,2025-11-20,2025-12-20,2025-10-21,2025-11-20,377.79,75.56,453.35,cancelled,2025-12-20
INV000641,CON00264,2024-01-02,2024-02-01,2023-12-03,2024-01-02,116.79,23.36,140.15,cancelled,2024-02-01
INV000642,CON00032,2022-03-24,2022-04-23,2022-02-22,2022-03-24,124.94,24.99,149.93,paid,2022-04-23
INV000643,CON00121,2024-03-05,2024-04-04,2024-02-04,2024-03-05,333.34,66.67,400.01,overdue,2024-04-04
INV000644,CON00294,2023-10-19,2023-11-18,2023-09-19,2023-10-19,81.46,16.29,97.75,paid,2023-11-18
INV000645,CON00084,2023-03-07,2023-04-06,2023-02-05,2023-03-07,439.84,87.97,527.81,overdue,2023-04-06
INV000646,CON00048,2022-02-16,2022-03-18,2022-01-17,2022-02-16,396.1,79.22,475.32,cancelled,2022-03-18
INV000647,CON00179,2025-09-21,2025-10-21,2025-08-22,2025-09-21,41.29,8.26,49.55,paid,
INV000648,CON00142,2025-08-31,2025-09-30,2025-08-01,2025-08-31,437.89,87.58,525.47,overdue,
INV000649,CON00101,2022-01-11,2022-02-10,2021-12-12,2022-01-11,300.98,60.2,361.18,pending,
INV000650,CON00256,2022-07-10,2022-08-09,2022-06-10,2022-07-10,316.09,63.22,379.31,paid,
INV000651,CON00025,2025-07-20,2025-08-19,2025-06-20,2025-07-20,100.94,20.19,121.13,paid,
INV000652,CON00081,2022-08-30,2022-09-29,2022-07-31,2022-08-30,437.36,87.47,524.83,cancelled,2022-09-29
INV000653,CON00210,2024-08-13,2024-09-12,2024-07-14,2024-08-13,383.75,76.75,460.5,paid,
INV000654,CON00046,2022-08-26,2022-09-25,2022-07-27,2022-08-26,82.97,16.59,99.56,pending,
INV000655,CON00093,2022-03-27,2022-04-26,2022-02-25,2022-03-27,86.85,17.37,104.22,cancelled,
INV000656,CON00070,2023-12-04,2024-01-03,2023-11-04,2023-12-04,341.01,68.2,409.21,overdue,2024-01-03
INV000657,CON00128,2023-02-10,2023-03-12,2023-01-11,2023-02-10,464.98,93.0,557.98,cancelled,2023-03-12
INV000658,CON00019,2023-08-25,2023-09-24,2023-07-26,2023-08-25,298.79,59.76,358.55,pending,2023-09-24
INV000659,CON00107,2025-01-03,2025-02-02,2024-12-04,2025-01-03,36.3,7.26,43.56,paid,2025-02-02
INV000660,CON00155,2024-12-02,2025-01-01,2024-11-02,2024-12-02,78.71,15.74,94.45,paid,
INV000661,CON00047,2023-08-06,2023-09-05,2023-07-07,2023-08-06,40.67,8.13,48.8,overdue,2023-09-05
INV000662,CON00269,2022-10-15,2022-11-14,2022-09-15,2022-10-15,463.31,92.66,555.97,paid,2022-11-14
INV000663,CON00168,2022-10-03,2022-11-02,2022-09-03,2022-10-03,100.56,20.11,120.67,paid,2022-11-02
INV000664,CON00009,2025-04-26,2025-05-26,2025-03-27,2025-04-26,121.02,24.2,145.22,paid,2025-05-26
INV000665,CON00180,2024-02-19,2024-03-20,2024-01-20,2024-02-19,424.63,84.93,509.56,paid,2024-03-20
INV000666,CON00001,2023-03-16,2023-04-15,2023-02-14,2023-03-16,366.37,73.27,439.64,overdue,2023-04-15
INV000667,CON00066,2025-11-23,2025-12-23,2025-10-24,2025-11-23,304.23,60.85,365.08,paid,2025-12-23
INV000668,CON00118,2024-07-18,2024-08-17,2024-06-18,2024-07-18,85.77,17.15,102.92,paid,
INV000669,CON00184,2025-01-30,2025-03-01,2024-12-31,2025-01-30,183.52,36.7,220.22,paid,2025-03-01
INV000670,CON00067,2023-03-11,2023-04-10,2023-02-09,2023-03-11,427.78,85.56,513.34,paid,2023-04-10
INV000671,CON00080,2022-02-22,2022-03-24,2022-01-23,2022-02-22,96.2,19.24,115.44,pending,2022-03-24
INV000672,CON00217,2022-09-10,2022-10-10,2022-08-11,2022-09-10,200.06,40.01,240.07,paid,2022-10-10
INV000673,CON00286,2024-10-10,2024-11-09,2024-09-10,2024-10-10,160.63,32.13,192.76,paid,2024-11-09
INV000674,CON00032,2024-06-26,2024-07-26,2024-05-27,2024-06-26,367.86,73.57,441.43,paid,2024-07-26
INV000675,CON00012,2024-04-24,2024-05-24,2024-03-25,2024-04-24,137.25,27.45,164.7,paid,2024-05-24
INV000676,CON00272,2025-08-24,2025-09-23,2025-07-25,2025-08-24,474.22,94.84,569.06,paid,2025-09-23
INV000677,CON00134,2022-11-21,2022-12-21,2022-10-22,2022-11-21,419.05,83.81,502.86,cancelled,2022-12-21
INV000678,CON00004,2023-03-31,2023-04-30,2023-03-01,2023-03-31,359.56,71.91,431.47,paid,
INV000679,CON00031,2022-09-13,2022-10-13,2022-08-14,2022-09-13,37.92,7.58,45.5,paid,2022-10-13
INV000680,CON00208,2024-10-13,2024-11-12,2024-09-13,2024-10-13,295.28,59.06,354.34,cancelled,2024-11-12
INV000681,CON00217,2023-09-24,2023-10-24,2023-08-25,2023-09-24,322.77,64.55,387.32,paid,2023-10-24
INV000682,CON00179,2024-02-01,2024-03-02,2024-01-02,2024-02-01,163.97,32.79,196.76,paid,2024-03-02
INV000683,CON00129,2024-09-09,2024-10-09,2024-08-10,2024-09-09,425.54,85.11,510.65,paid,2024-10-09
INV000684,CON00129,2024-08-03,2024-09-02,2024-07-04,2024-08-03,234.07,46.81,280.88,paid,
INV000685,CON00031,2022-08-31,2022-09-30,2022-08-01,2022-08-31,404.71,80.94,485.65,overdue,
INV000686,CON00107,2022-02-24,2022-03-26,2022-01-25,2022-02-24,408.87,81.77,490.64,cancelled,2022-03-26
INV000687,CON00284,2023-04-16,2023-05-16,2023-03-17,2023-04-16,77.18,15.44,92.62,pending,2023-05-16
INV000688,CON00047,2024-09-28,2024-10-28,2024-08-29,2024-09-28,106.08,21.22,127.3,overdue,
INV000689,CON00007,2024-11-24,2024-12-24,2024-10-25,2024-11-24,75.79,15.16,90.95,cancelled,2024-12-24
INV000690,CON00230,2022-08-08,2022-09-07,2022-07-09,2022-08-08,99.62,19.92,119.54,paid,2022-09-07
INV000691,CON00056,2023-12-03,2024-01-02,2023-11-03,2023-12-03,361.02,72.2,433.22,pending,
INV000692,CON00261,2022-03-28,2022-04-27,2022-02-26,2022-03-28,222.04,44.41,266.45,paid,2022-04-27
INV000693,CON00237,2025-12-30,2026-01-29,2025-11-30,2025-12-30,137.72,27.54,165.26,paid,2026-01-29
INV000694,CON00148,2024-01-10,2024-02-09,2023-12-11,2024-01-10,485.89,97.18,583.07,paid,2024-02-09
INV000695,CON00103,2024-03-31,2024-04-30,2024-03-01,2024-03-31,112.24,22.45,134.69,cancelled,
INV000696,CON00009,2025-03-03,2025-04-02,2025-02-01,2025-03-03,234.5,46.9,281.4,paid,2025-04-02
INV000697,CON00271,2025-10-17,2025-11-16,2025-09-17,2025-10-17,197.01,39.4,236.41,pending,2025-11-16
INV000698,CON00130,2024-10-13,2024-11-12,2024-09-13,2024-10-13,43.95,8.79,52.74,paid,2024-11-12
INV000699,CON00171,2023-02-12,2023-03-14,2023-01-13,2023-02-12,499.89,99.98,599.87,paid,2023-03-14
INV000700,CON00081,2024-06-19,2024-07-19,2024-05-20,2024-06-19,463.33,92.67,556.0,pending,2024-07-19
INV000701,CON00224,2022-11-01,2022-12-01,2022-10-02,2022-11-01,67.1,13.42,80.52,overdue,
INV000702,CON00124,2022-10-11,2022-11-10,2022-09-11,2022-10-11,358.75,71.75,430.5,pending,
INV000703,CON00030,2023-06-29,2023-07-29,2023-05-30,2023-06-29,219.4,43.88,263.28,pending,
INV000704,CON00170,2025-07-07,2025-08-06,2025-06-07,2025-07-07,306.98,61.4,368.38,paid,2025-08-06
INV000705,CON00026,2024-07-04,2024-08-03,2024-06-04,2024-07-04,306.6,61.32,367.92,cancelled,2024-08-03
INV000706,CON00130,2022-03-18,2022-04-17,2022-02-16,2022-03-18,39.23,7.85,47.08,cancelled,2022-04-17
INV000707,CON00121,2025-01-18,2025-02-17,2024-12-19,2025-01-18,391.09,78.22,469.31,overdue,
INV000708,CON00289,2025-12-04,2026-01-03,2025-11-04,2025-12-04,433.22,86.64,519.86,cancelled,2026-01-03
INV000709,CON00294,2022-01-07,2022-02-06,2021-12-08,2022-01-07,178.07,35.61,213.68,cancelled,2022-02-06
INV000710,CON00034,2023-10-11,2023-11-10,2023-09-11,2023-10-11,398.7,79.74,478.44,paid,2023-11-10
INV000711,CON00257,2022-03-19,2022-04-18,2022-02-17,2022-03-19,409.68,81.94,491.62,paid,2022-04-18
INV000712,CON00255,2024-03-19,2024-04-18,2024-02-18,2024-03-19,398.16,79.63,477.79,overdue,2024-04-18
INV000713,CON00115,2025-08-20,2025-09-19,2025-07-21,2025-08-20,60.61,12.12,72.73,pending,2025-09-19
INV000714,CON00062,2024-04-29,2024-05-29,2024-03-30,2024-04-29,209.64,41.93,251.57,overdue,2024-05-29
INV000715,CON00053,2024-04-21,2024-05-21,2024-03-22,2024-04-21,456.8,91.36,548.16,paid,
INV000716,CON00249,2023-08-11,2023-09-10,2023-07-12,2023-08-11,477.7,95.54,573.24,pending,2023-09-10
INV000717,CON00137,2023-05-24,2023-06-23,2023-04-24,2023-05-24,139.65,27.93,167.58,paid,2023-06-23
INV000718,CON00224,2023-01-10,2023-02-09,2022-12-11,2023-01-10,129.14,25.83,154.97,cancelled,2023-02-09
INV000719,CON00149,2025-04-08,2025-05-08,2025-03-09,2025-04-08,297.18,59.44,356.62,paid,2025-05-08
INV000720,CON00229,2022-01-31,2022-03-02,2022-01-01,2022-01-31,61.49,12.3,73.79,paid,
INV000721,CON00221,2025-09-14,2025-10-14,2025-08-15,2025-09-14,95.6,19.12,114.72,paid,2025-10-14
INV000722,CON00264,2024-08-01,2024-08-31,2024-07-02,2024-08-01,415.31,83.06,498.37,overdue,2024-08-31
INV000723,CON00055,2022-07-02,2022-08-01,2022-06-02,2022-07-02,223.05,44.61,267.66,paid,2022-08-01
INV000724,CON00015,2025-07-15,2025-08-14,2025-06-15,2025-07-15,407.53,81.51,489.04,cancelled,2025-08-14
INV000725,CON00280,2022-06-21,2022-07-21,2022-05-22,2022-06-21,140.55,28.11,168.66,cancelled,2022-07-21
INV000726,CON00293,2024-11-16,2024-12-16,2024-10-17,2024-11-16,309.87,61.97,371.84,overdue,2024-12-16
INV000727,CON00076,2022-08-18,2022-09-17,2022-07-19,2022-08-18,69.25,13.85,83.1,pending,2022-09-17
INV000728,CON00276,2024-10-28,2024-11-27,2024-09-28,2024-10-28,324.2,64.84,389.04,paid,2024-11-27
INV000729,CON00261,2022-03-04,2022-04-03,2022-02-02,2022-03-04,413.2,82.64,495.84,paid,2022-04-03
INV000730,CON00205,2023-06-17,2023-07-17,2023-05-18,2023-06-17,172.93,34.59,207.52,paid,
INV000731,CON00062,2024-07-13,2024-08-12,2024-06-13,2024-07-13,475.0,95.0,570.0,paid,2024-08-12
INV000732,CON00120,2025-03-15,2025-04-14,2025-02-13,2025-03-15,491.94,98.39,590.33,overdue,2025-04-14
INV000733,CON00006,2025-01-09,2025-02-08,2024-12-10,2025-01-09,111.11,22.22,133.33,paid,2025-02-08
INV000734,CON00024,2024-05-07,2024-06-06,2024-04-07,2024-05-07,252.92,50.58,303.5,pending,2024-06-06
INV000735,CON00093,2023-01-22,2023-02-21,2022-12-23,2023-01-22,208.72,41.74,250.46,paid,2023-02-21
INV000736,CON00207,2022-07-07,2022-08-06,2022-06-07,2022-07-07,389.37,77.87,467.24,cancelled,
INV000737,CON00081,2024-11-12,2024-12-12,2024-10-13,2024-11-12,448.77,89.75,538.52,cancelled,2024-12-12
INV000738,CON00139,2022-12-05,2023-01-04,2022-11-05,2022-12-05,311.95,62.39,374.34,pending,2023-01-04
INV000739,CON00259,2022-11-05,2022-12-05,2022-10-06,2022-11-05,247.78,49.56,297.34,pending,2022-12-05
INV000740,CON00245,2025-09-23,2025-10-23,2025-08-24,2025-09-23,328.63,65.73,394.36,paid,
INV000741,CON00182,2023-04-15,2023-05-15,2023-03-16,2023-04-15,365.29,73.06,438.35,paid,2023-05-15
INV000742,CON00046,2025-04-04,2025-05-04,2025-03-05,2025-04-04,229.06,45.81,274.87,paid,2025-05-04
INV000743,CON00254,2025-02-04,2025-03-06,2025-01-05,2025-02-04,331.89,66.38,398.27,paid,2025-03-06
INV000744,CON00284,2025-02-17,2025-03-19,2025-01-18,2025-02-17,135.34,27.07,162.41,cancelled,2025-03-19
INV000745,CON00055,2024-07-31,2024-08-30,2024-07-01,2024-07-31,303.09,60.62,363.71,cancelled,2024-08-30
INV000746,CON00204,2023-01-08,2023-02-07,2022-12-09,2023-01-08,167.64,33.53,201.17,paid,2023-02-07
INV000747,CON00216,2025-12-08,2026-01-07,2025-11-08,2025-12-08,330.64,66.13,396.77,overdue,2026-01-07
INV000748,CON00280,2023-05-25,2023-06-24,2023-04-25,2023-05-25,368.57,73.71,442.28,overdue,2023-06-24
INV000749,CON00137,2024-07-16,2024-08-15,2024-06-16,2024-07-16,270.5,54.1,324.6,paid,
INV000750,CON00006,2022-11-10,2022-12-10,2022-10-11,2022-11-10,293.59,58.72,352.31,paid,2022-12-10
INV000751,CON00082,2023-12-30,2024-01-29,2023-11-30,2023-12-30,302.6,60.52,363.12,paid,2024-01-29
INV000752,CON00209,2023-07-18,2023-08-17,2023-06-18,2023-07-18,285.03,57.01,342.04,paid,
INV000753,CON00294,2023-03-31,2023-04-30,2023-03-01,2023-03-31,154.98,31.0,185.98,pending,2023-04-30
INV000754,CON00257,2023-04-12,2023-05-12,2023-03-13,2023-04-12,318.62,63.72,382.34,pending,
INV000755,CON00133,2024-03-20,2024-04-19,2024-02-19,2024-03-20,255.38,51.08,306.46,overdue,2024-04-19
INV000756,CON00295,2022-05-20,2022-06-19,2022-04-20,2022-05-20,229.71,45.94,275.65,overdue,2022-06-19
INV000757,CON00046,2023-09-07,2023-10-07,2023-08-08,2023-09-07,64.71,12.94,77.65,paid,2023-10-07
INV000758,CON00128,2024-01-03,2024-02-02,2023-12-04,2024-01-03,340.76,68.15,408.91,overdue,2024-02-02
INV000759,CON00084,2023-02-23,2023-03-25,2023-01-24,2023-02-23,365.93,73.19,439.12,paid,2023-03-25
INV000760,CON00244,2024-04-14,2024-05-14,2024-03-15,2024-04-14,450.39,90.08,540.47,paid,
INV000761,CON00128,2022-03-31,2022-04-30,2022-03-01,2022-03-31,461.62,92.32,553.94,paid,2022-04-30
INV000762,CON00049,2024-03-31,2024-04-30,2024-03-01,2024-03-31,186.25,37.25,223.5,cancelled,
INV000763,CON00085,2024-01-08,2024-02-07,2023-12-09,2024-01-08,456.02,91.2,547.22,paid,2024-02-07
INV000764,CON00254,2022-10-24,2022-11-23,2022-09-24,2022-10-24,153.23,30.65,183.88,overdue,
INV000765,CON00163,2025-08-24,2025-09-23,2025-07-25,2025-08-24,44.84,8.97,53.81,paid,2025-09-23
INV000766,CON00141,2022-02-27,2022-03-29,2022-01-28,2022-02-27,400.22,80.04,480.26,pending,2022-03-29
INV000767,CON00033,2024-08-20,2024-09-19,2024-07-21,2024-08-20,385.13,77.03,462.16,pending,2024-09-19
INV000768,CON00034,2024-11-22,2024-12-22,2024-10-23,2024-11-22,89.59,17.92,107.51,paid,2024-12-22
INV000769,CON00294,2025-01-24,2025-02-23,2024-12-25,2025-01-24,326.33,65.27,391.6,overdue,2025-02-23
INV000770,CON00002,2024-03-31,2024-04-30,2024-03-01,2024-03-31,247.01,49.4,296.41,overdue,
INV000771,CON00140,2022-06-13,2022-07-13,2022-05-14,2022-06-13,238.14,47.63,285.77,pending,2022-07-13
INV000772,CON00054,2023-04-09,2023-05-09,2023-03-10,2023-04-09,424.68,84.94,509.62,overdue,
INV000773,CON00202,2025-07-07,2025-08-06,2025-06-07,2025-07-07,206.97,41.39,248.36,paid,2025-08-06
INV000774,CON00276,2025-06-18,2025-07-18,2025-05-19,2025-06-18,408.24,81.65,489.89,paid,2025-07-18
INV000775,CON00298,2024-03-21,2024-04-20,2024-02-20,2024-03-21,357.35,71.47,428.82,overdue,2024-04-20
INV000776,CON00260,2024-02-20,2024-03-21,2024-01-21,2024-02-20,296.59,59.32,355.91,cancelled,2024-03-21
INV000777,CON00047,2023-11-02,2023-12-02,2023-10-03,2023-11-02,189.93,37.99,227.92,paid,2023-12-02
INV000778,CON00026,2022-08-15,2022-09-14,2022-07-16,2022-08-15,88.33,17.67,106.0,paid,2022-09-14
INV000779,CON00093,2022-04-30,2022-05-30,2022-03-31,2022-04-30,427.06,85.41,512.47,pending,2022-05-30
INV000780,CON00127,2025-11-28,2025-12-28,2025-10-29,2025-11-28,466.51,93.3,559.81,cancelled,
INV000781,CON00059,2022-05-25,2022-06-24,2022-04-25,2022-05-25,253.01,50.6,303.61,pending,2022-06-24
INV000782,CON00032,2023-04-11,2023-05-11,2023-03-12,2023-04-11,421.29,84.26,505.55,overdue,2023-05-11
INV000783,CON00285,2024-03-19,2024-04-18,2024-02-18,2024-03-19,127.36,25.47,152.83,paid,2024-04-18
INV000784,CON00065,2022-07-24,2022-08-23,2022-06-24,2022-07-24,271.89,54.38,326.27,paid,2022-08-23
INV000785,CON00029,2024-02-16,2024-03-17,2024-01-17,2024-02-16,258.19,51.64,309.83,paid,
INV000786,CON00294,2023-09-09,2023-10-09,2023-08-10,2023-09-09,409.29,81.86,491.15,paid,2023-10-09
INV000787,CON00298,2023-05-28,2023-06-27,2023-04-28,2023-05-28,114.1,22.82,136.92,paid,2023-06-27
INV000788,CON00193,2025-10-29,2025-11-28,2025-09-29,2025-10-29,436.64,87.33,523.97,cancelled,2025-11-28
INV000789,CON00223,2024-06-02,2024-07-02,2024-05-03,2024-06-02,263.83,52.77,316.6,paid,2024-07-02
INV000790,CON00224,2023-06-21,2023-07-21,2023-05-22,2023-06-21,106.06,21.21,127.27,paid,2023-07-21
INV000791,CON00187,2024-09-30,2024-10-30,2024-08-31,2024-09-30,385.45,77.09,462.54,paid,2024-10-30
INV000792,CON00015,2025-03-15,2025-04-14,2025-02-13,2025-03-15,241.79,48.36,290.15,paid,2025-04-14
INV000793,CON00114,2023-01-29,2023-02-28,2022-12-30,2023-01-29,397.19,79.44,476.63,overdue,
INV000794,CON00067,2023-05-12,2023-06-11,2023-04-12,2023-05-12,432.81,86.56,519.37,paid,2023-06-11
INV000795,CON00208,2024-02-20,2024-03-21,2024-01-21,2024-02-20,398.14,79.63,477.77,cancelled,
INV000796,CON00215,2023-11-21,2023-12-21,2023-10-22,2023-11-21,359.28,71.86,431.14,paid,
INV000797,CON00172,2025-05-21,2025-06-20,2025-04-21,2025-05-21,315.87,63.17,379.04,paid,2025-06-20
INV000798,CON00005,2025-11-23,2025-12-23,2025-10-24,2025-11-23,468.0,93.6,561.6,pending,
INV000799,CON00096,2022-08-31,2022-09-30,2022-08-01,2022-08-31,112.21,22.44,134.65,paid,
INV000800,CON00232,2024-05-26,2024-06-25,2024-04-26,2024-05-26,483.24,96.65,579.89,pending,2024-06-25
