payment_id,invoice_id,payment_date,amount,payment_method,transaction_ref,status,processed_at
PAY000001,INV000494,2022-05-14,447.71,bank_transfer,TRX530823983,completed,2023-10-10 08:24:00
PAY000002,INV000038,2022-07-17,500.42,direct_debit,TRX184895487,completed,2023-07-30 09:05:00
PAY000003,INV000385,2022-12-05,135.11,bank_transfer,TRX672743444,failed,2025-08-02 18:03:00
PAY000004,INV000010,2022-07-09,383.63,direct_debit,TRX216337617,pending,2025-04-20 22:25:00
PAY000005,INV000505,2022-07-12,297.84,check,TRX700038466,completed,2023-02-06 08:11:00
PAY000006,INV000611,2025-10-24,293.2,bank_transfer,TRX576836223,completed,2023-07-14 20:08:00
PAY000007,INV000757,2023-10-07,77.65,check,TRX950970800,completed,2022-12-03 19:04:00
PAY000008,INV000171,2024-04-21,173.89,direct_debit,TRX276763565,completed,2023-02-22 22:16:00
PAY000009,INV000253,2025-01-28,408.97,check,TRX467381114,completed,2024-05-30 17:44:00
PAY000010,INV000624,2023-01-07,219.36,check,TRX908054052,failed,2022-04-09 20:35:00
PAY000011,INV000355,2022-12-12,423.98,credit_card,TRX495669330,completed,2024-11-18 11:19:00
PAY000012,INV000150,2023-01-07,329.57,direct_debit,TRX821285130,failed,2025-11-23 13:32:00
PAY000013,INV000337,2022-03-05,425.0,bank_transfer,TRX488725866,completed,2022-04-07 07:43:00
PAY000014,INV000438,2025-06-26,375.5,bank_transfer,TRX428031438,refunded,2024-01-23 15:41:00
PAY000015,INV000485,2024-12-08,189.35,bank_transfer,TRX894319323,completed,2023-02-08 08:07:00
PAY000016,INV000158,2022-05-10,300.55,credit_card,TRX265532151,refunded,2024-07-05 15:49:00
PAY000017,INV000571,2025-04-26,78.02,check,TRX832476711,failed,2022-06-23 20:28:00
PAY000018,INV000413,2023-05-08,448.16,credit_card,TRX360807808,refunded,2023-08-25 11:31:00
PAY000019,INV000199,2025-05-26,205.39,direct_debit,TRX305759163,failed,2025-01-08 18:43:00
PAY000020,INV000199,2025-05-26,205.39,direct_debit,TRX609740476,completed,2022-01-26 07:51:00
PAY000021,INV000081,2024-12-10,480.48,check,TRX365147627,completed,2023-06-07 16:45:00
PAY000022,INV000672,2022-10-10,240.07,credit_card,TRX135648379,pending,2025-05-31 13:20:00
PAY000023,INV000759,2023-03-25,439.12,credit_card,TRX386437094,failed,2023-04-15 16:54:00
PAY000024,INV000253,2025-01-28,408.97,bank_transfer,TRX112686584,completed,2025-12-04 09:32:00
PAY000025,INV000082,2025-05-14,335.21,check,TRX573027930,pending,2024-10-31 15:32:00
PAY000026,INV000081,2024-12-10,480.48,check,TRX470806406,completed,2023-07-26 14:16:00
PAY000027,INV000704,2025-08-06,368.38,bank_transfer,TRX380947516,completed,2024-05-25 07:52:00
PAY000028,INV000563,2023-01-30,551.47,credit_card,TRX979876924,failed,2024-01-11 08:30:00
PAY000029,INV000637,2025-02-26,142.28,credit_card,TRX583545083,refunded,2025-02-05 09:00:00
PAY000030,INV000675,2024-05-24,164.7,bank_transfer,TRX358689711,refunded,2025-05-05 09:09:00
PAY000031,INV000570,2023-10-20,390.26,check,TRX639382632,failed,2025-09-15 14:55:00
PAY000032,INV000571,2025-04-26,78.02,check,TRX963186550,failed,2025-03-09 19:37:00
PAY000033,INV000561,2024-05-09,128.74,credit_card,TRX920697572,refunded,2025-05-11 07:19:00
PAY000034,INV000326,2022-03-13,71.51,check,TRX721455106,refunded,2022-09-30 21:06:00
PAY000035,INV000293,2023-08-05,453.97,check,TRX831243679,completed,2023-06-04 18:14:00
PAY000036,INV000053,2025-08-23,382.75,direct_debit,TRX882649759,failed,2025-01-11 18:45:00
PAY000037,INV000272,2024-04-03,217.73,credit_card,TRX387547650,completed,2023-02-22 13:37:00
PAY000038,INV000467,2025-04-11,385.0,credit_card,TRX659917125,completed,2023-05-03 09:09:00
PAY000039,INV000137,2023-01-10,480.47,check,TRX132301980,pending,2022-11-18 12:11:00
PAY000040,INV000537,2025-06-23,426.17,direct_debit,TRX864172053,failed,2025-02-14 12:10:00
PAY000041,INV000166,2022-10-16,489.92,direct_debit,TRX148084413,completed,2022-01-31 11:14:00
PAY000042,INV000203,2023-10-05,81.76,direct_debit,TRX117477783,completed,2025-11-17 22:24:00
PAY000043,INV000482,2025-11-07,504.47,check,TRX507380254,completed,2022-04-03 06:32:00
PAY000044,INV000669,2025-03-01,220.22,check,TRX867581473,pending,2022-09-07 06:35:00
PAY000045,INV000109,2025-06-08,481.52,bank_transfer,TRX303313908,completed,2024-02-25 08:18:00
PAY000046,INV000075,2024-09-29,262.34,credit_card,TRX693814150,completed,2023-10-16 13:41:00
PAY000047,INV000111,2024-08-28,339.1,direct_debit,TRX944142304,pending,2023-07-20 19:50:00
PAY000048,INV000790,2023-07-21,127.27,credit_card,TRX309366141,completed,2023-09-26 19:55:00
PAY000049,INV000624,2023-01-07,219.36,bank_transfer,TRX993414965,refunded,2022-07-20 07:00:00
PAY000050,INV000222,2024-06-05,491.12,direct_debit,TRX590747323,pending,2023-01-09 06:23:00
PAY000051,INV000295,2024-05-11,341.66,bank_transfer,TRX896925268,failed,2024-02-16 20:53:00
PAY000052,INV000093,2023-06-09,373.82,bank_transfer,TRX120986453,refunded,2022-04-05 19:27:00
PAY000053,INV000699,2023-03-14,599.87,check,TRX553206885,completed,2022-07-08 08:00:00
PAY000054,INV000679,2022-10-13,45.5,check,TRX498324344,completed,2022-06-27 08:45:00
PAY000055,INV000247,2023-07-05,258.67,bank_transfer,TRX101702569,pending,2025-01-14 16:06:00
PAY000056,INV000414,2024-12-28,136.64,bank_transfer,TRX929386021,failed,2024-08-19 07:33:00
PAY000057,INV000653,2024-09-12,460.5,direct_debit,TRX494368460,failed,2023-02-03 19:26:00
PAY000058,INV000579,2025-12-28,523.44,credit_card,TRX415896019,failed,2022-10-16 18:34:00
PAY000059,INV000763,2024-02-07,547.22,check,TRX271053100,pending,2025-05-27 20:50:00
PAY000060,INV000017,2024-10-02,134.46,credit_card,TRX679751450,pending,2025-02-16 22:57:00
PAY000061,INV000672,2022-10-10,240.07,direct_debit,TRX607319842,failed,2025-10-28 21:50:00
PAY000062,INV000653,2024-09-12,460.5,direct_debit,TRX490932614,completed,2024-01-30 19:11:00
PAY000063,INV000375,2022-07-14,452.09,check,TRX183251892,failed,2024-07-19 18:01:00
PAY000064,INV000730,2023-07-17,207.52,credit_card,TRX235832849,completed,2022-06-28 10:27:00
PAY000065,INV000741,2023-05-15,438.35,bank_transfer,TRX588071626,refunded,2024-12-05 11:24:00
PAY000066,INV000017,2024-10-02,134.46,bank_transfer,TRX184459779,failed,2022-01-12 17:59:00
PAY000067,INV000158,2022-05-10,300.55,direct_debit,TRX941776099,pending,2024-01-10 16:32:00
PAY000068,INV000324,2022-09-12,186.97,direct_debit,TRX594533964,pending,2024-07-24 15:45:00
PAY000069,INV000117,2022-11-13,138.14,credit_card,TRX624284242,completed,2024-02-28 11:50:00
PAY000070,INV000093,2023-06-09,373.82,direct_debit,TRX681764768,refunded,2025-08-13 10:17:00
PAY000071,INV000118,2022-04-25,513.8,check,TRX247930241,pending,2023-06-30 11:10:00
PAY000072,INV000160,2026-01-24,97.97,check,TRX458916917,failed,2025-04-18 08:28:00
PAY000073,INV000070,2022-08-26,128.74,bank_transfer,TRX874174394,refunded,2024-01-21 14:58:00
PAY000074,INV000153,2025-06-18,437.87,direct_debit,TRX984019695,failed,2023-12-11 15:23:00
PAY000075,INV000510,2025-10-29,343.49,direct_debit,TRX442481169,pending,2024-11-01 10:00:00
PAY000076,INV000611,2025-10-24,293.2,credit_card,TRX235644231,completed,2024-10-14 06:45:00
PAY000077,INV000607,2025-08-06,207.95,direct_debit,TRX888467237,completed,2022-05-10 18:14:00
PAY000078,INV000742,2025-05-04,274.87,bank_transfer,TRX540243542,completed,2022-04-19 20:10:00
PAY000079,INV000234,2022-02-15,526.21,credit_card,TRX398979248,pending,2022-12-30 22:10:00
PAY000080,INV000592,2025-12-20,277.45,bank_transfer,TRX874296165,completed,2022-01-11 07:05:00
PAY000081,INV000510,2025-10-29,343.49,credit_card,TRX272784128,refunded,2023-06-21 20:15:00
PAY000082,INV000117,2022-11-13,138.14,credit_card,TRX550633661,completed,2024-03-08 17:00:00
PAY000083,INV000505,2022-07-12,297.84,direct_debit,TRX163262134,completed,2025-02-25 07:05:00
PAY000084,INV000141,2024-04-06,358.42,bank_transfer,TRX101101330,failed,2022-12-31 20:56:00
PAY000085,INV000133,2022-03-19,341.27,direct_debit,TRX438210820,completed,2024-05-25 08:47:00
PAY000086,INV000061,2022-08-13,41.81,bank_transfer,TRX344182593,pending,2022-04-20 10:12:00
PAY000087,INV000061,2022-08-13,41.81,direct_debit,TRX596471866,completed,2024-05-31 16:43:00
PAY000088,INV000017,2024-10-02,134.46,direct_debit,TRX619548128,completed,2025-12-05 08:56:00
PAY000089,INV000526,2024-12-27,475.86,bank_transfer,TRX703200643,refunded,2023-11-02 15:14:00
PAY000090,INV000678,2023-04-30,431.47,credit_card,TRX956254086,failed,2024-12-04 20:26:00
PAY000091,INV000628,2025-04-14,223.6,credit_card,TRX542515870,completed,2022-09-27 14:17:00
PAY000092,INV000492,2022-05-22,291.56,direct_debit,TRX543905917,refunded,2022-06-30 22:59:00
PAY000093,INV000160,2026-01-24,97.97,check,TRX317094040,completed,2025-01-07 08:13:00
PAY000094,INV000763,2024-02-07,547.22,direct_debit,TRX138141109,completed,2023-11-12 07:09:00
PAY000095,INV000357,2022-09-10,83.84,check,TRX338133430,refunded,2023-01-11 08:29:00
PAY000096,INV000308,2022-06-27,421.81,credit_card,TRX941460924,refunded,2024-01-08 20:16:00
PAY000097,INV000552,2022-05-17,428.27,credit_card,TRX462275233,completed,2024-05-11 22:03:00
PAY000098,INV000419,2024-04-18,446.84,bank_transfer,TRX685908727,pending,2022-03-21 19:28:00
PAY000099,INV000218,2025-06-25,516.76,credit_card,TRX870675831,completed,2023-09-06 22:12:00
PAY000100,INV000579,2025-12-28,523.44,bank_transfer,TRX289919958,completed,2023-04-12 18:58:00
PAY000101,INV000668,2024-08-17,102.92,bank_transfer,TRX535823416,completed,2025-01-11 07:21:00
PAY000102,INV000343,2023-04-04,88.73,direct_debit,TRX578369243,pending,2023-07-21 07:25:00
PAY000103,INV000373,2022-11-13,488.82,check,TRX765585315,completed,2023-12-23 08:23:00
PAY000104,INV000413,2023-05-08,448.16,credit_card,TRX321180062,failed,2023-01-10 06:38:00
PAY000105,INV000051,2022-02-21,429.56,bank_transfer,TRX922120921,completed,2022-08-08 07:31:00
PAY000106,INV000668,2024-08-17,102.92,bank_transfer,TRX884497112,completed,2025-09-26 09:56:00
PAY000107,INV000255,2022-03-01,422.39,direct_debit,TRX189479909,completed,2024-08-05 22:24:00
PAY000108,INV000119,2023-08-03,107.87,direct_debit,TRX252819463,completed,2023-08-28 20:43:00
PAY000109,INV000401,2025-09-18,72.19,direct_debit,TRX837378898,refunded,2022-12-29 11:40:00
PAY000110,INV000033,2025-06-17,178.8,check,TRX869966041,failed,2024-01-30 13:20:00
PAY000111,INV000287,2022-10-11,139.0,direct_debit,TRX832923209,completed,2022-01-02 08:42:00
PAY000112,INV000156,2023-11-28,518.45,credit_card,TRX570016929,completed,2025-03-04 17:55:00
PAY000113,INV000074,2026-01-07,274.15,direct_debit,TRX269553144,pending,2025-12-03 07:05:00
PAY000114,INV000330,2024-06-08,356.33,direct_debit,TRX462130814,completed,2023-01-10 17:51:00
PAY000115,INV000684,2024-09-02,280.88,bank_transfer,TRX572612347,refunded,2025-06-18 16:02:00
PAY000116,INV000454,2024-08-04,476.05,bank_transfer,TRX147057682,pending,2022-07-24 20:45:00
PAY000117,INV000215,2025-07-12,36.12,credit_card,TRX597889349,failed,2025-02-01 07:59:00
PAY000118,INV000358,2024-05-30,97.16,bank_transfer,TRX791396646,completed,2023-04-18 08:03:00
PAY000119,INV000011,2022-02-22,569.99,check,TRX409071885,refunded,2025-06-27 12:19:00
PAY000120,INV000760,2024-05-14,540.47,direct_debit,TRX318252453,refunded,2025-03-31 09:00:00
PAY000121,INV000295,2024-05-11,341.66,bank_transfer,TRX235352139,completed,2023-03-16 19:02:00
PAY000122,INV000528,2025-10-11,510.14,bank_transfer,TRX169159137,completed,2025-01-16 15:40:00
PAY000123,INV000653,2024-09-12,460.5,direct_debit,TRX337706453,refunded,2023-11-21 11:34:00
PAY000124,INV000371,2025-02-04,88.75,bank_transfer,TRX916006412,completed,2024-02-05 16:09:00
PAY000125,INV000065,2024-08-13,201.47,bank_transfer,TRX516528453,completed,2022-03-10 07:26:00
PAY000126,INV000511,2023-01-11,523.61,direct_debit,TRX791624301,completed,2024-03-25 19:58:00
PAY000127,INV000579,2025-12-28,523.44,direct_debit,TRX179121611,failed,2024-03-03 20:30:00
PAY000128,INV000282,2023-12-28,515.26,direct_debit,TRX935686725,refunded,2023-05-10 21:32:00
PAY000129,INV000286,2024-02-12,99.95,credit_card,TRX869503997,completed,2025-09-18 12:36:00
PAY000130,INV000302,2025-01-15,201.08,bank_transfer,TRX723901080,refunded,2024-02-07 13:01:00
PAY000131,INV000006,2023-04-20,324.26,check,TRX626967265,pending,2024-02-12 11:21:00
PAY000132,INV000338,2023-05-19,267.66,direct_debit,TRX334039434,completed,2025-07-20 17:53:00
PAY000133,INV000012,2025-04-08,578.12,direct_debit,TRX629601973,completed,2024-02-17 16:16:00
PAY000134,INV000152,2024-09-20,567.3,check,TRX297187203,completed,2022-08-05 20:34:00
PAY000135,INV000273,2022-04-15,291.44,credit_card,TRX725039025,completed,2025-07-09 11:42:00
PAY000136,INV000605,2026-01-19,342.46,credit_card,TRX334972432,completed,2023-09-23 16:54:00
PAY000137,INV000119,2023-08-03,107.87,direct_debit,TRX116356679,refunded,2022-03-07 07:41:00
PAY000138,INV000433,2025-07-02,482.74,direct_debit,TRX482434083,completed,2022-01-12 19:32:00
PAY000139,INV000272,2024-04-03,217.73,credit_card,TRX114972785,completed,2022-08-27 08:24:00
PAY000140,INV000406,2023-04-14,94.7,check,TRX336163120,completed,2025-06-16 06:18:00
PAY000141,INV000717,2023-06-23,167.58,bank_transfer,TRX590204531,completed,2025-02-26 20:20:00
PAY000142,INV000595,2022-10-26,398.46,credit_card,TRX194195977,completed,2025-04-30 19:19:00
PAY000143,INV000193,2025-07-17,446.54,check,TRX149849765,completed,2023-05-08 19:42:00
PAY000144,INV000205,2022-12-12,269.62,direct_debit,TRX845407515,completed,2024-07-26 17:22:00
PAY000145,INV000547,2024-11-04,252.84,credit_card,TRX183470204,completed,2024-08-04 20:56:00
PAY000146,INV000033,2025-06-17,178.8,credit_card,TRX101178290,pending,2022-08-23 08:51:00
PAY000147,INV000352,2023-04-04,147.47,credit_card,TRX342289595,refunded,2025-02-01 06:11:00
PAY000148,INV000213,2025-10-26,358.61,check,TRX852074582,completed,2022-07-22 11:04:00
PAY000149,INV000357,2022-09-10,83.84,direct_debit,TRX660765929,failed,2024-09-28 06:43:00
PAY000150,INV000377,2022-04-03,83.17,direct_debit,TRX565719249,completed,2022-08-18 22:27:00
PAY000151,INV000234,2022-02-15,526.21,bank_transfer,TRX456821313,failed,2025-02-01 08:46:00
PAY000152,INV000624,2023-01-07,219.36,bank_transfer,TRX710932306,refunded,2024-08-07 21:10:00
PAY000153,INV000742,2025-05-04,274.87,direct_debit,TRX509868460,failed,2024-11-24 07:45:00
PAY000154,INV000067,2023-03-14,307.93,bank_transfer,TRX353760819,pending,2024-12-31 12:04:00
PAY000155,INV000579,2025-12-28,523.44,check,TRX753539923,completed,2024-11-07 21:57:00
PAY000156,INV000201,2024-09-07,546.52,bank_transfer,TRX456158918,completed,2022-04-20 09:32:00
PAY000157,INV000157,2024-11-21,320.54,credit_card,TRX875652273,pending,2022-11-29 06:03:00
PAY000158,INV000204,2023-11-04,558.34,credit_card,TRX760396220,completed,2025-01-04 10:40:00
PAY000159,INV000253,2025-01-28,408.97,credit_card,TRX811338235,completed,2022-05-02 14:05:00
PAY000160,INV000295,2024-05-11,341.66,bank_transfer,TRX623207215,completed,2025-09-03 12:46:00
PAY000161,INV000153,2025-06-18,437.87,direct_debit,TRX170908827,pending,2024-01-08 12:44:00
PAY000162,INV000012,2025-04-08,578.12,credit_card,TRX889972571,refunded,2022-01-27 10:02:00
PAY000163,INV000670,2023-04-10,513.34,credit_card,TRX154446946,completed,2025-11-26 10:14:00
PAY000164,INV000153,2025-06-18,437.87,credit_card,TRX869807951,pending,2024-10-16 17:54:00
PAY000165,INV000150,2023-01-07,329.57,direct_debit,TRX361670087,completed,2023-02-02 07:57:00
PAY000166,INV000796,2023-12-21,431.14,credit_card,TRX640455195,completed,2024-05-05 16:56:00
PAY000167,INV000066,2024-06-22,97.86,check,TRX372156675,pending,2023-02-08 06:43:00
PAY000168,INV000073,2022-09-05,272.1,bank_transfer,TRX867990960,failed,2023-04-18 20:29:00
PAY000169,INV000478,2022-04-02,345.78,bank_transfer,TRX527224321,failed,2022-07-16 13:08:00
PAY000170,INV000087,2024-10-05,325.55,direct_debit,TRX799823348,completed,2025-05-10 08:26:00
PAY000171,INV000720,2022-03-02,73.79,direct_debit,TRX604311256,completed,2024-02-14 07:55:00
PAY000172,INV000189,2024-06-23,344.54,credit_card,TRX228131366,completed,2023-06-24 13:53:00
PAY000173,INV000784,2022-08-23,326.27,bank_transfer,TRX171812746,failed,2024-03-03 18:10:00
PAY000174,INV000176,2022-07-09,373.4,direct_debit,TRX960559442,completed,2022-08-31 19:31:00
PAY000175,INV000017,2024-10-02,134.46,direct_debit,TRX493947814,pending,2025-02-15 17:53:00
PAY000176,INV000428,2022-04-01,366.55,check,TRX594463016,completed,2024-02-24 13:44:00
PAY000177,INV000406,2023-04-14,94.7,credit_card,TRX190315292,failed,2024-11-14 18:23:00
PAY000178,INV000375,2022-07-14,452.09,direct_debit,TRX425554973,failed,2023-08-11 14:19:00
PAY000179,INV000684,2024-09-02,280.88,direct_debit,TRX573493588,pending,2024-03-12 12:43:00
PAY000180,INV000318,2022-11-15,195.86,credit_card,TRX870173255,completed,2025-03-08 19:22:00
PAY000181,INV000011,2022-02-22,569.99,bank_transfer,TRX794950649,failed,2024-02-11 11:29:00
PAY000182,INV000215,2025-07-12,36.12,credit_card,TRX281401495,pending,2022-10-03 19:56:00
PAY000183,INV000143,2024-01-14,164.9,direct_debit,TRX417309724,completed,2023-06-08 12:50:00
PAY000184,INV000424,2022-04-12,443.98,credit_card,TRX989862087,refunded,2023-12-05 16:17:00
PAY000185,INV000710,2023-11-10,478.44,credit_card,TRX208890152,refunded,2024-11-20 22:40:00
PAY000186,INV000055,2024-03-26,460.64,check,TRX737929920,refunded,2025-06-19 09:47:00
PAY000187,INV000663,2022-11-02,120.67,check,TRX258397223,refunded,2023-05-07 15:58:00
PAY000188,INV000750,2022-12-10,352.31,direct_debit,TRX806538226,failed,2025-03-15 18:16:00
PAY000189,INV000239,2023-03-20,155.04,credit_card,TRX700979330,completed,2023-05-06 10:46:00
PAY000190,INV000298,2023-04-23,447.01,check,TRX300423564,completed,2025-09-27 07:23:00
PAY000191,INV000563,2023-01-30,551.47,credit_card,TRX341498332,completed,2023-06-18 12:52:00
PAY000192,INV000051,2022-02-21,429.56,credit_card,TRX183266881,completed,2025-12-17 17:54:00
PAY000193,INV000699,2023-03-14,599.87,check,TRX535582478,completed,2024-02-05 14:23:00
PAY000194,INV000485,2024-12-08,189.35,check,TRX840698205,failed,2025-10-14 14:31:00
PAY000195,INV000340,2024-07-22,441.19,check,TRX530974878,failed,2025-12-29 14:46:00
PAY000196,INV000672,2022-10-10,240.07,bank_transfer,TRX314070114,completed,2023-05-07 19:23:00
PAY000197,INV000594,2025-05-15,401.1,check,TRX390827816,pending,2024-03-02 22:24:00
PAY000198,INV000076,2022-10-05,49.6,check,TRX324005882,completed,2022-09-17 08:11:00
PAY000199,INV000351,2022-12-18,168.1,bank_transfer,TRX497219073,completed,2025-01-01 06:36:00
PAY000200,INV000341,2024-02-29,90.62,bank_transfer,TRX645509776,completed,2023-12-01 11:48:00
PAY000201,INV000414,2024-12-28,136.64,credit_card,TRX446922229,completed,2025-03-25 18:25:00
PAY000202,INV000316,2022-02-06,280.38,check,TRX295124505,completed,2023-05-06 06:29:00
PAY000203,INV000294,2022-09-06,538.75,credit_card,TRX357265666,completed,2025-04-20 09:17:00
PAY000204,INV000208,2023-09-09,173.18,check,TRX231576116,completed,2022-04-18 14:41:00
PAY000205,INV000575,2022-09-08,220.3,credit_card,TRX366086508,completed,2024-04-30 09:19:00
PAY000206,INV000329,2022-02-06,120.1,bank_transfer,TRX329234183,refunded,2022-04-25 20:36:00
PAY000207,INV000425,2024-11-13,463.74,credit_card,TRX806291781,pending,2023-04-08 09:58:00
PAY000208,INV000719,2025-05-08,356.62,direct_debit,TRX132199020,failed,2025-08-15 09:31:00
PAY000209,INV000562,2023-02-17,336.64,bank_transfer,TRX279327988,completed,2022-09-04 08:23:00
PAY000210,INV000768,2024-12-22,107.51,check,TRX199190212,failed,2023-07-30 16:10:00
PAY000211,INV000232,2024-08-08,110.95,bank_transfer,TRX975792661,refunded,2023-07-27 11:27:00
PAY000212,INV000526,2024-12-27,475.86,check,TRX378916882,completed,2025-10-25 21:03:00
PAY000213,INV000137,2023-01-10,480.47,check,TRX308301139,refunded,2022-12-02 06:44:00
PAY000214,INV000561,2024-05-09,128.74,check,TRX955377778,completed,2022-10-30 13:57:00
PAY000215,INV000459,2025-05-04,435.06,check,TRX586368915,completed,2025-03-28 19:25:00
PAY000216,INV000720,2022-03-02,73.79,bank_transfer,TRX536731210,completed,2023-02-04 20:00:00
PAY000217,INV000137,2023-01-10,480.47,bank_transfer,TRX166513370,refunded,2022-04-06 17:52:00
PAY000218,INV000184,2025-04-04,321.36,check,TRX676609989,completed,2022-02-20 17:20:00
PAY000219,INV000681,2023-10-24,387.32,direct_debit,TRX139048281,completed,2022-11-08 21:54:00
PAY000220,INV000720,2022-03-02,73.79,credit_card,TRX883282022,completed,2022-05-15 15:11:00
PAY000221,INV000330,2024-06-08,356.33,check,TRX811427046,completed,2022-09-03 19:01:00
PAY000222,INV000642,2022-04-23,149.93,bank_transfer,TRX343427104,failed,2025-11-18 09:49:00
PAY000223,INV000238,2025-07-13,246.38,check,TRX668102406,refunded,2025-11-22 08:31:00
PAY000224,INV000192,2025-11-08,314.33,direct_debit,TRX313094252,completed,2023-02-10 18:39:00
PAY000225,INV000353,2023-05-08,384.91,bank_transfer,TRX861484069,completed,2024-11-27 18:11:00
PAY000226,INV000760,2024-05-14,540.47,direct_debit,TRX745246945,refunded,2023-01-17 21:50:00
PAY000227,INV000266,2022-06-09,127.54,bank_transfer,TRX237246233,refunded,2024-02-04 17:52:00
PAY000228,INV000692,2022-04-27,266.45,credit_card,TRX351933427,completed,2022-12-13 10:40:00
PAY000229,INV000730,2023-07-17,207.52,check,TRX343566988,refunded,2025-06-15 12:57:00
PAY000230,INV000549,2023-11-17,327.08,credit_card,TRX101529194,completed,2024-01-15 21:44:00
PAY000231,INV000731,2024-08-12,570.0,credit_card,TRX939514385,completed,2023-04-07 10:14:00
PAY000232,INV000434,2023-10-30,376.48,check,TRX193531083,failed,2023-12-18 07:30:00
PAY000233,INV000413,2023-05-08,448.16,direct_debit,TRX152564958,failed,2024-07-29 07:32:00
PAY000234,INV000212,2022-04-07,111.29,check,TRX751905483,pending,2022-09-05 22:51:00
PAY000235,INV000189,2024-06-23,344.54,credit_card,TRX509238425,completed,2022-07-22 06:31:00
PAY000236,INV000146,2024-02-16,63.06,credit_card,TRX525658880,completed,2023-12-27 13:57:00
PAY000237,INV000587,2023-10-04,522.5,credit_card,TRX858155125,completed,2024-10-06 19:59:00
PAY000238,INV000746,2023-02-07,201.17,bank_transfer,TRX673520256,completed,2024-04-04 21:12:00
PAY000239,INV000337,2022-03-05,425.0,check,TRX909334673,completed,2022-09-26 10:13:00
PAY000240,INV000237,2023-02-04,271.68,credit_card,TRX252078773,completed,2025-12-29 22:01:00
PAY000241,INV000670,2023-04-10,513.34,direct_debit,TRX910010768,failed,2023-08-22 14:09:00
PAY000242,INV000353,2023-05-08,384.91,credit_card,TRX870253965,refunded,2025-11-04 11:11:00
PAY000243,INV000774,2025-07-18,489.89,bank_transfer,TRX534894837,completed,2024-02-12 11:52:00
PAY000244,INV000660,2025-01-01,94.45,bank_transfer,TRX326627746,completed,2025-09-05 07:57:00
PAY000245,INV000401,2025-09-18,72.19,credit_card,TRX994551628,refunded,2024-09-07 13:04:00
PAY000246,INV000679,2022-10-13,45.5,direct_debit,TRX670771783,completed,2023-07-11 18:43:00
PAY000247,INV000513,2022-05-19,169.39,bank_transfer,TRX212250457,completed,2022-01-13 21:42:00
PAY000248,INV000326,2022-03-13,71.51,credit_card,TRX700104110,completed,2022-09-07 16:09:00
PAY000249,INV000015,2022-10-03,206.35,direct_debit,TRX335956417,pending,2022-12-24 18:42:00
PAY000250,INV000073,2022-09-05,272.1,bank_transfer,TRX812932571,pending,2023-04-15 21:42:00
PAY000251,INV000377,2022-04-03,83.17,check,TRX167922272,completed,2023-07-21 21:02:00
PAY000252,INV000375,2022-07-14,452.09,bank_transfer,TRX369967751,failed,2022-05-29 11:59:00
PAY000253,INV000665,2024-03-20,509.56,direct_debit,TRX495445629,completed,2024-05-26 14:04:00
PAY000254,INV000095,2026-01-12,538.9,bank_transfer,TRX454279308,pending,2023-07-11 06:36:00
PAY000255,INV000704,2025-08-06,368.38,direct_debit,TRX718724373,refunded,2024-02-09 12:37:00
PAY000256,INV000335,2023-11-27,61.84,check,TRX687467504,pending,2024-01-03 11:03:00
PAY000257,INV000502,2022-06-17,583.25,direct_debit,TRX971023101,completed,2022-02-07 14:10:00
PAY000258,INV000448,2022-08-23,573.37,credit_card,TRX815824512,completed,2022-05-26 21:06:00
PAY000259,INV000156,2023-11-28,518.45,direct_debit,TRX260708160,completed,2022-05-31 12:36:00
PAY000260,INV000264,2022-07-20,236.93,check,TRX766046560,pending,2024-08-05 20:25:00
PAY000261,INV000053,2025-08-23,382.75,check,TRX331519615,completed,2022-12-04 19:31:00
PAY000262,INV000509,2024-01-07,248.05,credit_card,TRX185795111,failed,2023-01-15 10:28:00
PAY000263,INV000682,2024-03-02,196.76,check,TRX824722131,completed,2024-07-31 16:44:00
PAY000264,INV000611,2025-10-24,293.2,check,TRX796588230,failed,2024-05-10 17:15:00
PAY000265,INV000673,2024-11-09,192.76,credit_card,TRX777493723,refunded,2025-03-16 15:12:00
PAY000266,INV000141,2024-04-06,358.42,direct_debit,TRX776420059,pending,2023-11-05 15:12:00
PAY000267,INV000047,2024-05-11,206.81,bank_transfer,TRX295087087,completed,2022-09-13 10:02:00
PAY000268,INV000189,2024-06-23,344.54,direct_debit,TRX729313117,completed,2023-12-22 06:49:00
PAY000269,INV000354,2024-02-20,389.7,check,TRX967104740,pending,2023-07-12 15:36:00
PAY000270,INV000674,2024-07-26,441.43,check,TRX958500499,completed,2024-09-09 06:45:00
PAY000271,INV000067,2023-03-14,307.93,direct_debit,TRX250624992,pending,2025-02-23 20:25:00
PAY000272,INV000318,2022-11-15,195.86,bank_transfer,TRX684926787,refunded,2024-06-10 21:25:00
PAY000273,INV000310,2025-12-26,43.76,check,TRX736821089,pending,2023-09-26 08:26:00
PAY000274,INV000225,2022-09-08,599.0,check,TRX473188349,pending,2025-11-15 07:16:00
PAY000275,INV000340,2024-07-22,441.19,direct_debit,TRX124753602,pending,2023-05-16 17:20:00
PAY000276,INV000735,2023-02-21,250.46,credit_card,TRX604937587,completed,2022-03-19 18:17:00
PAY000277,INV000595,2022-10-26,398.46,check,TRX761917495,completed,2024-08-09 20:05:00
PAY000278,INV000136,2024-03-04,117.5,bank_transfer,TRX247481857,failed,2025-11-26 18:14:00
PAY000279,INV000335,2023-11-27,61.84,credit_card,TRX153198929,refunded,2024-01-30 20:46:00
PAY000280,INV000011,2022-02-22,569.99,credit_card,TRX495144337,completed,2022-08-14 11:33:00
PAY000281,INV000190,2022-02-01,594.94,check,TRX544019588,refunded,2023-02-27 19:19:00
PAY000282,INV000256,2024-10-09,47.66,direct_debit,TRX437169503,failed,2023-08-17 22:39:00
PAY000283,INV000592,2025-12-20,277.45,bank_transfer,TRX756833711,pending,2023-12-16 15:26:00
PAY000284,INV000690,2022-09-07,119.54,check,TRX366302660,completed,2023-11-08 14:55:00
PAY000285,INV000305,2022-09-22,264.73,credit_card,TRX430059164,refunded,2023-06-12 08:50:00
PAY000286,INV000318,2022-11-15,195.86,direct_debit,TRX524688436,failed,2025-05-20 13:48:00
PAY000287,INV000647,2025-10-21,49.55,credit_card,TRX995268098,refunded,2023-06-14 14:37:00
PAY000288,INV000467,2025-04-11,385.0,bank_transfer,TRX343111206,failed,2023-07-07 19:16:00
PAY000289,INV000024,2022-03-21,414.58,credit_card,TRX256878133,completed,2022-04-08 16:32:00
PAY000290,INV000433,2025-07-02,482.74,credit_card,TRX750084905,refunded,2024-09-03 12:36:00
PAY000291,INV000699,2023-03-14,599.87,bank_transfer,TRX207115374,completed,2022-11-19 09:00:00
PAY000292,INV000797,2025-06-20,379.04,check,TRX238608002,completed,2025-11-16 11:07:00
PAY000293,INV000503,2022-08-01,564.6,direct_debit,TRX614247371,completed,2023-09-10 22:22:00
PAY000294,INV000217,2022-06-26,505.14,bank_transfer,TRX776776527,refunded,2024-04-25 17:21:00
PAY000295,INV000492,2022-05-22,291.56,credit_card,TRX935098427,completed,2022-03-18 13:00:00
PAY000296,INV000056,2025-12-03,312.53,bank_transfer,TRX398648040,failed,2024-06-05 15:24:00
PAY000297,INV000076,2022-10-05,49.6,credit_card,TRX876889251,failed,2023-04-03 07:52:00
PAY000298,INV000038,2022-07-17,500.42,credit_card,TRX891666319,completed,2022-08-07 10:49:00
PAY000299,INV000140,2023-06-14,400.04,credit_card,TRX887953479,pending,2023-11-14 18:55:00
PAY000300,INV000365,2022-08-05,529.34,check,TRX304348728,completed,2025-04-07 16:40:00
PAY000301,INV000715,2024-05-21,548.16,check,TRX102487676,failed,2024-05-31 08:59:00
PAY000302,INV000605,2026-01-19,342.46,credit_card,TRX173856614,completed,2025-12-16 17:35:00
PAY000303,INV000310,2025-12-26,43.76,credit_card,TRX378501683,refunded,2023-11-02 18:24:00
PAY000304,INV000243,2022-05-02,196.45,direct_debit,TRX177823712,completed,2025-01-15 17:03:00
PAY000305,INV000227,2024-10-13,281.53,bank_transfer,TRX297103758,completed,2024-04-14 11:59:00
PAY000306,INV000704,2025-08-06,368.38,credit_card,TRX135954751,completed,2023-02-04 15:29:00
PAY000307,INV000305,2022-09-22,264.73,credit_card,TRX384673797,pending,2023-03-02 09:01:00
PAY000308,INV000316,2022-02-06,280.38,credit_card,TRX812197588,pending,2025-04-01 19:32:00
PAY000309,INV000784,2022-08-23,326.27,check,TRX939055093,failed,2022-02-27 07:35:00
PAY000310,INV000682,2024-03-02,196.76,bank_transfer,TRX863168039,refunded,2022-10-16 14:24:00
PAY000311,INV000791,2024-10-30,462.54,direct_debit,TRX264272446,refunded,2022-07-03 21:28:00
PAY000312,INV000300,2025-04-26,484.19,direct_debit,TRX600166348,completed,2023-01-21 07:19:00
PAY000313,INV000230,2022-06-15,63.59,bank_transfer,TRX162755223,completed,2023-04-13 17:03:00
PAY000314,INV000191,2024-10-15,479.88,credit_card,TRX975171243,failed,2025-06-02 14:27:00
PAY000315,INV000404,2024-05-14,203.84,bank_transfer,TRX294534133,pending,2023-11-21 11:12:00
PAY000316,INV000223,2025-10-26,220.21,credit_card,TRX658682859,completed,2025-07-01 13:00:00
PAY000317,INV000156,2023-11-28,518.45,direct_debit,TRX244356050,completed,2024-04-01 09:13:00
PAY000318,INV000227,2024-10-13,281.53,direct_debit,TRX346661935,completed,2023-03-26 12:16:00
PAY000319,INV000423,2025-09-10,218.18,check,TRX573491378,completed,2025-11-18 09:42:00
PAY000320,INV000438,2025-06-26,375.5,check,TRX492130623,completed,2024-06-15 19:09:00
PAY000321,INV000502,2022-06-17,583.25,bank_transfer,TRX906276771,completed,2023-05-26 07:11:00
PAY000322,INV000295,2024-05-11,341.66,bank_transfer,TRX326140103,completed,2022-06-10 11:58:00
PAY000323,INV000254,2024-04-06,352.26,bank_transfer,TRX976242839,pending,2022-12-16 13:01:00
PAY000324,INV000237,2023-02-04,271.68,bank_transfer,TRX869592496,completed,2022-04-06 10:34:00
PAY000325,INV000308,2022-06-27,421.81,check,TRX173123290,failed,2022-02-03 08:29:00
PAY000326,INV000757,2023-10-07,77.65,credit_card,TRX275456486,refunded,2022-09-29 15:03:00
PAY000327,INV000386,2023-11-05,250.01,direct_debit,TRX571744824,refunded,2024-04-27 14:42:00
PAY000328,INV000576,2023-01-21,242.48,check,TRX883452833,completed,2024-09-02 21:20:00
PAY000329,INV000278,2022-10-03,388.46,check,TRX213677953,failed,2025-05-15 11:59:00
PAY000330,INV000284,2022-03-25,589.43,direct_debit,TRX514805094,completed,2025-08-03 13:34:00
PAY000331,INV000456,2024-05-14,62.02,credit_card,TRX946774055,refunded,2024-08-18 10:21:00
PAY000332,INV000526,2024-12-27,475.86,direct_debit,TRX293143303,completed,2023-10-11 07:51:00
PAY000333,INV000619,2025-10-04,364.56,bank_transfer,TRX513688446,pending,2024-12-29 15:45:00
PAY000334,INV000273,2022-04-15,291.44,credit_card,TRX365649553,pending,2023-05-26 12:28:00
PAY000335,INV000605,2026-01-19,342.46,direct_debit,TRX953011821,completed,2022-07-24 10:05:00
PAY000336,INV000113,2022-02-06,73.54,direct_debit,TRX228017741,failed,2024-07-26 22:02:00
PAY000337,INV000256,2024-10-09,47.66,bank_transfer,TRX839120948,failed,2024-05-01 07:42:00
PAY000338,INV000091,2024-04-10,289.7,check,TRX153132768,pending,2023-08-20 07:51:00
PAY000339,INV000668,2024-08-17,102.92,credit_card,TRX742381335,completed,2023-12-23 09:37:00
PAY000340,INV000662,2022-11-14,555.97,bank_transfer,TRX845654564,completed,2022-12-31 16:47:00
PAY000341,INV000136,2024-03-04,117.5,check,TRX209547073,completed,2022-12-26 10:57:00
PAY000342,INV000514,2024-04-25,301.31,check,TRX903629496,completed,2023-05-27 13:35:00
PAY000343,INV000470,2024-05-15,386.93,credit_card,TRX275610233,completed,2024-01-09 15:09:00
PAY000344,INV000161,2022-06-17,590.33,direct_debit,TRX503383841,completed,2024-02-11 16:43:00
PAY000345,INV000278,2022-10-03,388.46,check,TRX306542440,completed,2022-01-04 12:12:00
PAY000346,INV000303,2025-04-29,198.24,bank_transfer,TRX424315042,pending,2022-02-07 15:32:00
PAY000347,INV000545,2023-08-16,250.57,check,TRX646077786,failed,2025-04-03 16:00:00
PAY000348,INV000288,2023-05-20,63.68,check,TRX122344090,completed,2022-01-22 17:39:00
PAY000349,INV000720,2022-03-02,73.79,check,TRX922438169,failed,2025-11-02 17:04:00
PAY000350,INV000651,2025-08-19,121.13,bank_transfer,TRX303438093,refunded,2024-07-06 21:16:00
PAY000351,INV000664,2025-05-26,145.22,credit_card,TRX526555697,pending,2025-07-23 12:10:00
PAY000352,INV000633,2024-11-15,441.38,bank_transfer,TRX544652427,completed,2023-07-03 11:28:00
PAY000353,INV000517,2025-05-21,338.44,check,TRX442423545,completed,2022-11-24 17:36:00
PAY000354,INV000184,2025-04-04,321.36,direct_debit,TRX549211554,completed,2024-03-28 17:34:00
PAY000355,INV000109,2025-06-08,481.52,credit_card,TRX969216778,failed,2022-10-02 06:41:00
PAY000356,INV000378,2022-07-16,82.61,credit_card,TRX262037706,failed,2023-08-09 09:04:00
PAY000357,INV000336,2025-01-25,224.05,check,TRX334469035,completed,2022-11-07 16:20:00
PAY000358,INV000794,2023-06-11,519.37,check,TRX349743101,pending,2023-05-16 20:42:00
PAY000359,INV000759,2023-03-25,439.12,credit_card,TRX793371580,pending,2022-12-19 15:42:00
PAY000360,INV000208,2023-09-09,173.18,direct_debit,TRX563281431,pending,2022-06-05 16:42:00
PAY000361,INV000276,2025-06-01,329.57,direct_debit,TRX793966999,refunded,2025-02-02 16:06:00
PAY000362,INV000218,2025-06-25,516.76,credit_card,TRX877229487,completed,2023-04-02 07:02:00
PAY000363,INV000289,2025-02-12,550.92,credit_card,TRX856314186,completed,2022-05-12 08:11:00
PAY000364,INV000176,2022-07-09,373.4,direct_debit,TRX989955551,completed,2022-06-06 17:47:00
PAY000365,INV000308,2022-06-27,421.81,direct_debit,TRX863676110,completed,2025-01-07 10:55:00
PAY000366,INV000448,2022-08-23,573.37,check,TRX675295261,pending,2024-04-02 15:57:00
PAY000367,INV000011,2022-02-22,569.99,direct_debit,TRX919883399,failed,2022-08-13 22:20:00
PAY000368,INV000282,2023-12-28,515.26,direct_debit,TRX518183156,completed,2023-09-18 10:53:00
PAY000369,INV000710,2023-11-10,478.44,direct_debit,TRX145720181,pending,2022-12-30 22:58:00
PAY000370,INV000517,2025-05-21,338.44,check,TRX785348949,failed,2024-09-10 13:53:00
PAY000371,INV000324,2022-09-12,186.97,bank_transfer,TRX933157493,refunded,2024-03-05 18:18:00
PAY000372,INV000414,2024-12-28,136.64,bank_transfer,TRX932225920,refunded,2022-09-01 19:46:00
PAY000373,INV000152,2024-09-20,567.3,credit_card,TRX418036205,refunded,2023-01-05 09:39:00
PAY000374,INV000160,2026-01-24,97.97,check,TRX968295630,completed,2023-01-02 08:12:00
PAY000375,INV000209,2025-05-30,248.54,direct_debit,TRX428176599,refunded,2022-05-11 07:18:00
PAY000376,INV000191,2024-10-15,479.88,bank_transfer,TRX671120637,completed,2022-08-19 15:46:00
PAY000377,INV000510,2025-10-29,343.49,direct_debit,TRX196687876,pending,2025-06-13 20:09:00
PAY000378,INV000797,2025-06-20,379.04,check,TRX731497110,failed,2025-05-01 14:36:00
PAY000379,INV000729,2022-04-03,495.84,direct_debit,TRX799744320,completed,2024-11-18 12:07:00
PAY000380,INV000777,2023-12-02,227.92,direct_debit,TRX161217307,completed,2024-06-03 19:26:00
PAY000381,INV000030,2023-01-22,363.24,credit_card,TRX858309093,completed,2022-05-08 06:22:00
PAY000382,INV000219,2022-08-15,315.98,credit_card,TRX679006009,completed,2023-02-01 18:12:00
PAY000383,INV000122,2024-06-29,171.74,direct_debit,TRX445493050,refunded,2022-04-06 16:51:00
PAY000384,INV000205,2022-12-12,269.62,bank_transfer,TRX362284837,failed,2023-04-27 06:59:00
PAY000385,INV000358,2024-05-30,97.16,credit_card,TRX548748753,failed,2022-12-17 07:03:00
PAY000386,INV000467,2025-04-11,385.0,check,TRX673358664,refunded,2024-06-04 11:52:00
PAY000387,INV000472,2022-04-03,398.05,check,TRX362063464,completed,2022-12-30 12:56:00
PAY000388,INV000522,2024-05-16,52.44,check,TRX822816092,completed,2023-03-16 21:26:00
PAY000389,INV000787,2023-06-27,136.92,direct_debit,TRX642946343,completed,2025-07-24 09:56:00
PAY000390,INV000669,2025-03-01,220.22,check,TRX290087877,pending,2024-07-20 09:15:00
PAY000391,INV000448,2022-08-23,573.37,bank_transfer,TRX934266782,completed,2022-01-02 08:12:00
PAY000392,INV000186,2022-11-21,116.21,credit_card,TRX315956412,completed,2025-05-31 10:06:00
PAY000393,INV000710,2023-11-10,478.44,credit_card,TRX475087671,completed,2024-08-02 08:33:00
PAY000394,INV000502,2022-06-17,583.25,bank_transfer,TRX860474498,refunded,2025-12-05 06:25:00
PAY000395,INV000505,2022-07-12,297.84,check,TRX514080751,completed,2025-08-25 07:27:00
PAY000396,INV000792,2025-04-14,290.15,bank_transfer,TRX986397259,failed,2022-12-09 06:40:00
PAY000397,INV000571,2025-04-26,78.02,direct_debit,TRX802430291,completed,2023-05-22 08:39:00
PAY000398,INV000150,2023-01-07,329.57,check,TRX751437877,pending,2024-04-19 09:29:00
PAY000399,INV000524,2024-05-04,419.94,direct_debit,TRX478325727,failed,2024-05-08 13:34:00
PAY000400,INV000730,2023-07-17,207.52,bank_transfer,TRX475748989,refunded,2024-10-15 11:47:00
PAY000401,INV000711,2022-04-18,491.62,direct_debit,TRX869003668,refunded,2022-11-05 18:24:00
PAY000402,INV000378,2022-07-16,82.61,check,TRX673234879,pending,2022-12-16 17:36:00
PAY000403,INV000119,2023-08-03,107.87,credit_card,TRX447541007,pending,2023-02-23 15:39:00
PAY000404,INV000528,2025-10-11,510.14,credit_card,TRX468753641,completed,2023-04-03 14:42:00
PAY000405,INV000448,2022-08-23,573.37,direct_debit,TRX920334754,pending,2023-09-03 10:37:00
PAY000406,INV000647,2025-10-21,49.55,direct_debit,TRX577870740,completed,2025-07-08 21:09:00
PAY000407,INV000660,2025-01-01,94.45,check,TRX554247940,failed,2023-09-16 08:48:00
PAY000408,INV000454,2024-08-04,476.05,check,TRX620154061,completed,2025-02-25 06:35:00
PAY000409,INV000629,2025-07-05,439.54,check,TRX429631784,refunded,2025-10-24 21:16:00
PAY000410,INV000592,2025-12-20,277.45,bank_transfer,TRX836140136,failed,2025-03-15 15:25:00
PAY000411,INV000294,2022-09-06,538.75,direct_debit,TRX646597878,completed,2025-05-30 22:54:00
PAY000412,INV000316,2022-02-06,280.38,direct_debit,TRX541257944,pending,2023-05-12 15:53:00
PAY000413,INV000472,2022-04-03,398.05,bank_transfer,TRX321467715,pending,2025-04-05 09:24:00
PAY000414,INV000305,2022-09-22,264.73,direct_debit,TRX384778990,completed,2023-10-10 06:50:00
PAY000415,INV000642,2022-04-23,149.93,credit_card,TRX811763420,refunded,2024-11-20 18:56:00
PAY000416,INV000012,2025-04-08,578.12,bank_transfer,TRX283503929,completed,2022-03-06 11:25:00
PAY000417,INV000158,2022-05-10,300.55,check,TRX141966685,pending,2024-03-30 15:35:00
PAY000418,INV000637,2025-02-26,142.28,direct_debit,TRX119411302,failed,2023-01-02 14:34:00
PAY000419,INV000272,2024-04-03,217.73,bank_transfer,TRX658435365,completed,2023-03-30 06:35:00
PAY000420,INV000573,2025-05-06,169.12,credit_card,TRX814817198,completed,2023-11-07 21:19:00
PAY000421,INV000698,2024-11-12,52.74,credit_card,TRX764489816,failed,2024-08-28 14:53:00
PAY000422,INV000785,2024-03-17,309.83,direct_debit,TRX694135942,completed,2024-05-01 13:00:00
PAY000423,INV000174,2022-11-25,541.93,check,TRX946433675,completed,2022-01-27 07:00:00
PAY000424,INV000234,2022-02-15,526.21,direct_debit,TRX829776196,completed,2024-03-10 18:06:00
PAY000425,INV000628,2025-04-14,223.6,bank_transfer,TRX792616427,completed,2022-02-05 17:24:00
PAY000426,INV000305,2022-09-22,264.73,direct_debit,TRX699103000,completed,2025-03-03 12:52:00
PAY000427,INV000454,2024-08-04,476.05,bank_transfer,TRX563849174,pending,2025-03-12 07:32:00
PAY000428,INV000797,2025-06-20,379.04,check,TRX874182210,completed,2025-08-31 09:33:00
PAY000429,INV000492,2022-05-22,291.56,credit_card,TRX545007346,refunded,2022-03-13 06:07:00
PAY000430,INV000669,2025-03-01,220.22,credit_card,TRX559268147,completed,2025-11-09 09:03:00
PAY000431,INV000254,2024-04-06,352.26,bank_transfer,TRX417426432,completed,2023-06-01 10:38:00
PAY000432,INV000629,2025-07-05,439.54,direct_debit,TRX522404300,pending,2023-07-16 16:27:00
PAY000433,INV000592,2025-12-20,277.45,check,TRX978857902,completed,2022-12-04 15:02:00
PAY000434,INV000389,2024-12-22,191.15,credit_card,TRX945461555,completed,2022-08-28 16:58:00
PAY000435,INV000352,2023-04-04,147.47,check,TRX612912295,completed,2023-10-08 19:49:00
PAY000436,INV000205,2022-12-12,269.62,credit_card,TRX294132566,completed,2025-06-01 06:21:00
PAY000437,INV000256,2024-10-09,47.66,credit_card,TRX782043247,refunded,2025-09-13 15:28:00
PAY000438,INV000047,2024-05-11,206.81,bank_transfer,TRX635694031,completed,2024-09-10 18:19:00
PAY000439,INV000574,2023-04-06,258.52,bank_transfer,TRX835227852,completed,2024-02-02 13:38:00
PAY000440,INV000452,2025-01-09,504.9,bank_transfer,TRX283311841,completed,2023-04-20 13:20:00
PAY000441,INV000010,2022-07-09,383.63,check,TRX991674621,completed,2022-10-08 15:21:00
PAY000442,INV000768,2024-12-22,107.51,bank_transfer,TRX334248982,completed,2022-12-07 07:00:00
PAY000443,INV000784,2022-08-23,326.27,credit_card,TRX523469229,completed,2025-09-10 11:05:00
PAY000444,INV000081,2024-12-10,480.48,check,TRX354292725,refunded,2022-10-21 20:31:00
PAY000445,INV000187,2023-08-18,258.44,check,TRX929359146,completed,2025-01-02 13:39:00
PAY000446,INV000353,2023-05-08,384.91,bank_transfer,TRX864896624,refunded,2023-10-20 16:10:00
PAY000447,INV000208,2023-09-09,173.18,bank_transfer,TRX282870232,refunded,2023-12-11 10:45:00
PAY000448,INV000324,2022-09-12,186.97,direct_debit,TRX536025317,completed,2024-10-25 16:31:00
PAY000449,INV000378,2022-07-16,82.61,direct_debit,TRX581709225,completed,2022-04-23 16:58:00
PAY000450,INV000068,2024-03-12,60.74,direct_debit,TRX490061214,completed,2025-05-12 08:16:00
PAY000451,INV000466,2025-04-02,94.06,check,TRX429913959,completed,2024-08-23 13:48:00
PAY000452,INV000377,2022-04-03,83.17,credit_card,TRX482919961,completed,2023-09-02 20:55:00
PAY000453,INV000561,2024-05-09,128.74,bank_transfer,TRX220404019,pending,2022-09-01 17:37:00
PAY000454,INV000315,2024-10-30,311.75,check,TRX314145782,completed,2023-08-16 12:02:00
PAY000455,INV000341,2024-02-29,90.62,credit_card,TRX624340765,failed,2024-12-30 06:14:00
PAY000456,INV000218,2025-06-25,516.76,direct_debit,TRX668923329,completed,2024-05-12 08:55:00
PAY000457,INV000082,2025-05-14,335.21,credit_card,TRX357317854,refunded,2024-12-03 11:27:00
PAY000458,INV000054,2024-11-19,216.28,check,TRX643342996,failed,2022-12-25 08:22:00
PAY000459,INV000203,2023-10-05,81.76,check,TRX683369363,pending,2023-02-07 06:18:00
PAY000460,INV000584,2025-03-18,519.04,check,TRX297519631,completed,2025-11-02 08:20:00
PAY000461,INV000208,2023-09-09,173.18,direct_debit,TRX577998010,refunded,2023-09-19 19:20:00
PAY000462,INV000693,2026-01-29,165.26,credit_card,TRX451583458,refunded,2023-04-09 21:51:00
PAY000463,INV000535,2025-07-30,379.45,direct_debit,TRX209013966,failed,2025-03-02 09:22:00
PAY000464,INV000435,2023-09-10,97.39,check,TRX301854363,completed,2023-07-26 18:31:00
PAY000465,INV000113,2022-02-06,73.54,check,TRX575338076,refunded,2024-02-15 11:37:00
PAY000466,INV000413,2023-05-08,448.16,direct_debit,TRX433280484,completed,2023-03-06 18:08:00
PAY000467,INV000620,2023-11-29,138.53,bank_transfer,TRX503802726,refunded,2024-05-30 14:57:00
PAY000468,INV000349,2024-08-14,349.74,direct_debit,TRX754543767,failed,2025-03-23 06:44:00
PAY000469,INV000053,2025-08-23,382.75,direct_debit,TRX151780354,failed,2025-05-04 16:30:00
PAY000470,INV000249,2024-06-29,62.94,direct_debit,TRX670470132,completed,2025-11-01 16:10:00
PAY000471,INV000119,2023-08-03,107.87,direct_debit,TRX680145479,failed,2024-04-18 22:18:00
PAY000472,INV000302,2025-01-15,201.08,credit_card,TRX798523925,completed,2024-03-09 14:47:00
PAY000473,INV000536,2022-12-21,107.56,bank_transfer,TRX764918032,refunded,2025-06-13 20:37:00
PAY000474,INV000382,2025-09-14,199.49,check,TRX283284039,failed,2024-01-30 21:21:00
PAY000475,INV000672,2022-10-10,240.07,bank_transfer,TRX909852292,failed,2022-09-16 22:47:00
PAY000476,INV000136,2024-03-04,117.5,direct_debit,TRX292360970,completed,2022-05-27 20:47:00
PAY000477,INV000617,2025-09-13,300.38,check,TRX885042792,failed,2025-06-01 08:52:00
PAY000478,INV000157,2024-11-21,320.54,bank_transfer,TRX667812152,failed,2023-01-20 20:57:00
PAY000479,INV000108,2022-09-28,444.67,check,TRX115449752,completed,2025-04-04 22:19:00
PAY000480,INV000282,2023-12-28,515.26,bank_transfer,TRX970681342,completed,2023-06-29 12:27:00
PAY000481,INV000517,2025-05-21,338.44,credit_card,TRX661644584,pending,2024-12-07 09:05:00
PAY000482,INV000209,2025-05-30,248.54,credit_card,TRX785257010,completed,2023-03-06 22:32:00
PAY000483,INV000349,2024-08-14,349.74,check,TRX675929413,completed,2022-06-17 13:39:00
PAY000484,INV000513,2022-05-19,169.39,direct_debit,TRX395388777,completed,2025-03-26 06:56:00
PAY000485,INV000032,2025-11-14,341.84,credit_card,TRX994850544,completed,2024-06-30 20:36:00
PAY000486,INV000066,2024-06-22,97.86,bank_transfer,TRX438897511,completed,2025-02-21 19:59:00
PAY000487,INV000434,2023-10-30,376.48,credit_card,TRX337308920,completed,2022-07-03 16:47:00
PAY000488,INV000526,2024-12-27,475.86,direct_debit,TRX910185625,refunded,2024-08-09 06:49:00
PAY000489,INV000699,2023-03-14,599.87,bank_transfer,TRX309550241,completed,2025-10-10 18:01:00
PAY000490,INV000787,2023-06-27,136.92,direct_debit,TRX230846757,failed,2023-05-09 08:00:00
PAY000491,INV000269,2024-05-04,155.77,credit_card,TRX715796573,pending,2023-09-22 10:41:00
PAY000492,INV000326,2022-03-13,71.51,bank_transfer,TRX230204709,completed,2024-05-23 07:36:00
PAY000493,INV000074,2026-01-07,274.15,bank_transfer,TRX987288467,failed,2022-07-26 22:45:00
PAY000494,INV000145,2025-06-10,335.45,direct_debit,TRX404306019,completed,2022-05-05 10:19:00
PAY000495,INV000234,2022-02-15,526.21,check,TRX321817966,pending,2022-05-23 16:59:00
PAY000496,INV000733,2025-02-08,133.33,check,TRX320805967,pending,2024-04-03 10:58:00
PAY000497,INV000456,2024-05-14,62.02,direct_debit,TRX333037366,refunded,2023-12-16 22:46:00
PAY000498,INV000633,2024-11-15,441.38,check,TRX710261100,completed,2023-03-05 17:15:00
PAY000499,INV000660,2025-01-01,94.45,direct_debit,TRX856251949,completed,2025-07-07 16:34:00
PAY000500,INV000335,2023-11-27,61.84,check,TRX197009970,completed,2025-07-20 15:28:00
PAY000501,INV000696,2025-04-02,281.4,credit_card,TRX192286195,refunded,2023-11-16 18:52:00
PAY000502,INV000387,2022-03-25,60.9,credit_card,TRX727906148,pending,2025-03-09 11:22:00
PAY000503,INV000353,2023-05-08,384.91,direct_debit,TRX208729236,pending,2023-08-18 13:25:00
PAY000504,INV000717,2023-06-23,167.58,direct_debit,TRX808696059,completed,2024-11-06 13:30:00
PAY000505,INV000510,2025-10-29,343.49,credit_card,TRX590631012,completed,2022-11-21 19:49:00
PAY000506,INV000681,2023-10-24,387.32,check,TRX540083002,completed,2023-12-04 13:18:00
PAY000507,INV000204,2023-11-04,558.34,direct_debit,TRX505564081,completed,2023-06-10 08:52:00
PAY000508,INV000742,2025-05-04,274.87,check,TRX182187850,completed,2022-08-03 20:20:00
PAY000509,INV000670,2023-04-10,513.34,credit_card,TRX459448074,failed,2025-07-24 15:26:00
PAY000510,INV000284,2022-03-25,589.43,direct_debit,TRX500833163,completed,2022-03-18 12:42:00
PAY000511,INV000592,2025-12-20,277.45,direct_debit,TRX245351271,pending,2023-03-15 06:16:00
PAY000512,INV000161,2022-06-17,590.33,check,TRX550647757,completed,2024-05-14 10:59:00
PAY000513,INV000529,2023-12-03,416.08,direct_debit,TRX382713132,refunded,2023-06-15 14:29:00
PAY000514,INV000141,2024-04-06,358.42,credit_card,TRX735631188,completed,2023-03-09 06:36:00
PAY000515,INV000424,2022-04-12,443.98,direct_debit,TRX549241856,pending,2024-04-03 14:44:00
PAY000516,INV000794,2023-06-11,519.37,direct_debit,TRX711676151,completed,2022-12-21 22:34:00
PAY000517,INV000799,2022-09-30,134.65,bank_transfer,TRX758918948,failed,2024-07-19 14:55:00
PAY000518,INV000330,2024-06-08,356.33,bank_transfer,TRX220136491,refunded,2023-05-01 16:34:00
PAY000519,INV000789,2024-07-02,316.6,check,TRX245797792,pending,2022-09-10 20:17:00
PAY000520,INV000219,2022-08-15,315.98,direct_debit,TRX789131248,pending,2025-02-06 09:50:00
PAY000521,INV000129,2023-08-26,96.56,check,TRX993461003,completed,2022-03-13 12:19:00
PAY000522,INV000230,2022-06-15,63.59,direct_debit,TRX644663192,pending,2023-02-25 21:28:00
PAY000523,INV000682,2024-03-02,196.76,bank_transfer,TRX649722837,completed,2023-04-25 12:25:00
PAY000524,INV000299,2023-06-03,594.16,check,TRX582654600,completed,2023-05-30 09:14:00
PAY000525,INV000757,2023-10-07,77.65,direct_debit,TRX749659822,completed,2025-06-29 09:22:00
PAY000526,INV000217,2022-06-26,505.14,check,TRX124902282,completed,2025-01-21 10:25:00
PAY000527,INV000155,2023-02-01,122.14,bank_transfer,TRX384012626,completed,2022-03-22 14:04:00
PAY000528,INV000684,2024-09-02,280.88,credit_card,TRX349799332,completed,2025-06-05 07:46:00
PAY000529,INV000683,2024-10-09,510.65,bank_transfer,TRX583409569,pending,2022-10-02 06:17:00
PAY000530,INV000796,2023-12-21,431.14,bank_transfer,TRX171172715,completed,2022-04-26 21:44:00
PAY000531,INV000626,2023-10-23,186.47,bank_transfer,TRX207057192,failed,2023-03-17 11:17:00
PAY000532,INV000385,2022-12-05,135.11,credit_card,TRX691458123,refunded,2022-06-04 07:39:00
PAY000533,INV000509,2024-01-07,248.05,bank_transfer,TRX206075687,refunded,2022-10-23 10:48:00
PAY000534,INV000294,2022-09-06,538.75,check,TRX130237940,failed,2025-02-16 21:09:00
PAY000535,INV000786,2023-10-09,491.15,check,TRX374619476,failed,2024-04-13 12:11:00
PAY000536,INV000204,2023-11-04,558.34,bank_transfer,TRX183889967,pending,2023-09-04 10:11:00
PAY000537,INV000303,2025-04-29,198.24,direct_debit,TRX384557399,refunded,2025-08-15 12:11:00
PAY000538,INV000430,2023-06-15,424.26,direct_debit,TRX215837729,failed,2025-06-27 07:02:00
PAY000539,INV000217,2022-06-26,505.14,bank_transfer,TRX510783462,failed,2024-06-02 09:44:00
PAY000540,INV000391,2023-05-12,594.73,credit_card,TRX153966820,pending,2022-01-25 10:34:00
PAY000541,INV000414,2024-12-28,136.64,check,TRX845669210,refunded,2022-12-14 07:59:00
PAY000542,INV000176,2022-07-09,373.4,direct_debit,TRX134142338,failed,2023-11-18 13:25:00
PAY000543,INV000427,2022-02-17,42.02,credit_card,TRX175246152,failed,2024-01-09 12:26:00
PAY000544,INV000575,2022-09-08,220.3,direct_debit,TRX110712073,completed,2024-08-10 21:38:00
PAY000545,INV000324,2022-09-12,186.97,direct_debit,TRX164352029,completed,2024-10-10 13:08:00
PAY000546,INV000341,2024-02-29,90.62,direct_debit,TRX127913919,pending,2023-03-19 20:05:00
PAY000547,INV000215,2025-07-12,36.12,direct_debit,TRX802601350,pending,2022-12-18 11:05:00
PAY000548,INV000133,2022-03-19,341.27,credit_card,TRX680395964,pending,2025-03-05 07:47:00
PAY000549,INV000529,2023-12-03,416.08,check,TRX181143210,refunded,2024-03-09 21:09:00
PAY000550,INV000212,2022-04-07,111.29,direct_debit,TRX126791708,completed,2023-10-10 14:47:00
PAY000551,INV000421,2025-02-18,63.26,direct_debit,TRX632552285,completed,2025-03-12 11:35:00
PAY000552,INV000082,2025-05-14,335.21,check,TRX995752574,completed,2024-07-20 14:19:00
PAY000553,INV000265,2023-02-22,343.55,check,TRX157760413,completed,2023-04-07 15:18:00
PAY000554,INV000153,2025-06-18,437.87,credit_card,TRX487133229,completed,2022-07-10 18:00:00
PAY000555,INV000161,2022-06-17,590.33,bank_transfer,TRX294437160,completed,2025-04-18 14:48:00
PAY000556,INV000109,2025-06-08,481.52,credit_card,TRX886589310,refunded,2022-02-04 14:19:00
PAY000557,INV000784,2022-08-23,326.27,check,TRX956670202,pending,2023-01-05 18:39:00
PAY000558,INV000032,2025-11-14,341.84,credit_card,TRX824134645,completed,2024-05-11 17:20:00
PAY000559,INV000119,2023-08-03,107.87,credit_card,TRX240176981,pending,2024-04-17 08:41:00
PAY000560,INV000484,2023-07-31,260.86,bank_transfer,TRX873308960,failed,2022-02-19 10:17:00
PAY000561,INV000352,2023-04-04,147.47,bank_transfer,TRX727436866,failed,2023-12-20 09:24:00
PAY000562,INV000053,2025-08-23,382.75,credit_card,TRX213568279,completed,2025-03-23 09:20:00
PAY000563,INV000570,2023-10-20,390.26,direct_debit,TRX283319438,pending,2025-01-11 18:48:00
PAY000564,INV000741,2023-05-15,438.35,bank_transfer,TRX886523220,failed,2025-01-02 19:16:00
PAY000565,INV000503,2022-08-01,564.6,check,TRX949505560,failed,2025-10-13 19:08:00
PAY000566,INV000235,2022-08-09,310.61,check,TRX507344545,completed,2022-01-20 22:33:00
PAY000567,INV000287,2022-10-11,139.0,bank_transfer,TRX589826537,completed,2022-02-18 22:47:00
PAY000568,INV000254,2024-04-06,352.26,check,TRX981396409,refunded,2025-02-15 08:36:00
PAY000569,INV000136,2024-03-04,117.5,direct_debit,TRX626880492,completed,2025-06-23 10:05:00
PAY000570,INV000452,2025-01-09,504.9,bank_transfer,TRX146828133,completed,2024-04-06 22:59:00
PAY000571,INV000225,2022-09-08,599.0,check,TRX752759275,refunded,2025-07-04 10:53:00
PAY000572,INV000222,2024-06-05,491.12,bank_transfer,TRX347455860,completed,2025-01-11 14:32:00
PAY000573,INV000452,2025-01-09,504.9,bank_transfer,TRX582160940,completed,2024-10-29 11:07:00
PAY000574,INV000246,2023-10-07,538.81,check,TRX442052414,completed,2024-06-03 11:09:00
PAY000575,INV000751,2024-01-29,363.12,direct_debit,TRX280573895,completed,2022-12-07 12:47:00
PAY000576,INV000765,2025-09-23,53.81,check,TRX836929662,refunded,2022-10-31 06:22:00
PAY000577,INV000339,2025-01-30,597.72,direct_debit,TRX323485749,completed,2022-01-05 07:01:00
PAY000578,INV000025,2022-02-03,597.65,check,TRX367003960,completed,2024-04-05 20:15:00
PAY000579,INV000628,2025-04-14,223.6,direct_debit,TRX757330182,completed,2022-01-07 22:33:00
PAY000580,INV000604,2023-09-12,153.96,direct_debit,TRX230264298,completed,2022-09-01 18:51:00
PAY000581,INV000006,2023-04-20,324.26,direct_debit,TRX722389141,completed,2024-02-27 10:52:00
PAY000582,INV000256,2024-10-09,47.66,credit_card,TRX836061813,pending,2023-02-17 20:47:00
PAY000583,INV000616,2024-04-13,65.95,check,TRX894582515,refunded,2025-06-19 07:24:00
PAY000584,INV000011,2022-02-22,569.99,bank_transfer,TRX422338978,failed,2022-06-18 19:30:00
PAY000585,INV000276,2025-06-01,329.57,check,TRX363006459,completed,2022-04-14 06:58:00
PAY000586,INV000631,2025-04-14,134.33,bank_transfer,TRX834758230,completed,2023-05-26 19:07:00
PAY000587,INV000122,2024-06-29,171.74,credit_card,TRX578533665,completed,2022-07-16 22:56:00
PAY000588,INV000111,2024-08-28,339.1,bank_transfer,TRX199285593,refunded,2025-05-22 17:44:00
PAY000589,INV000276,2025-06-01,329.57,bank_transfer,TRX638211480,completed,2025-03-20 15:09:00
PAY000590,INV000025,2022-02-03,597.65,credit_card,TRX782816023,completed,2025-09-23 06:04:00
PAY000591,INV000375,2022-07-14,452.09,credit_card,TRX447830006,completed,2023-07-23 19:26:00
PAY000592,INV000047,2024-05-11,206.81,check,TRX445370822,pending,2025-03-23 14:18:00
PAY000593,INV000616,2024-04-13,65.95,bank_transfer,TRX534244788,pending,2024-06-23 10:45:00
PAY000594,INV000070,2022-08-26,128.74,direct_debit,TRX162878521,failed,2022-10-10 14:56:00
PAY000595,INV000676,2025-09-23,569.06,direct_debit,TRX969852551,completed,2025-12-17 08:44:00
PAY000596,INV000528,2025-10-11,510.14,credit_card,TRX247932385,refunded,2023-04-01 22:28:00
PAY000597,INV000631,2025-04-14,134.33,bank_transfer,TRX101211822,completed,2024-03-11 10:02:00
PAY000598,INV000562,2023-02-17,336.64,bank_transfer,TRX637726803,completed,2024-10-14 14:44:00
PAY000599,INV000337,2022-03-05,425.0,credit_card,TRX602048377,completed,2024-01-05 12:26:00
PAY000600,INV000322,2024-07-16,546.31,credit_card,TRX338659718,completed,2024-07-19 06:00:00
PAY000601,INV000307,2022-10-29,437.04,direct_debit,TRX271229992,failed,2022-07-13 10:35:00
PAY000602,INV000741,2023-05-15,438.35,bank_transfer,TRX215086733,failed,2022-08-26 19:04:00
PAY000603,INV000667,2025-12-23,365.08,credit_card,TRX944285110,refunded,2023-11-02 17:36:00
PAY000604,INV000025,2022-02-03,597.65,bank_transfer,TRX814638134,pending,2022-08-23 07:03:00
PAY000605,INV000483,2023-11-04,358.33,credit_card,TRX335217398,completed,2023-06-26 19:26:00
PAY000606,INV000033,2025-06-17,178.8,direct_debit,TRX191539767,completed,2025-02-24 13:33:00
PAY000607,INV000161,2022-06-17,590.33,check,TRX193056826,completed,2022-07-03 11:12:00
PAY000608,INV000150,2023-01-07,329.57,check,TRX173705699,completed,2022-07-03 10:01:00
PAY000609,INV000684,2024-09-02,280.88,bank_transfer,TRX671608179,refunded,2024-02-06 06:31:00
PAY000610,INV000777,2023-12-02,227.92,check,TRX567320568,completed,2023-04-05 14:19:00
PAY000611,INV000391,2023-05-12,594.73,direct_debit,TRX427986788,refunded,2022-12-30 10:28:00
PAY000612,INV000430,2023-06-15,424.26,credit_card,TRX780766368,completed,2024-02-24 06:06:00
PAY000613,INV000663,2022-11-02,120.67,direct_debit,TRX457444674,completed,2022-01-15 17:31:00
PAY000614,INV000759,2023-03-25,439.12,credit_card,TRX885859825,completed,2024-10-04 10:16:00
PAY000615,INV000256,2024-10-09,47.66,bank_transfer,TRX699506853,pending,2022-06-20 21:26:00
PAY000616,INV000569,2025-11-23,198.04,credit_card,TRX275215227,completed,2022-07-27 10:52:00
PAY000617,INV000472,2022-04-03,398.05,credit_card,TRX523313146,pending,2022-01-08 22:25:00
PAY000618,INV000430,2023-06-15,424.26,check,TRX476971843,refunded,2024-03-30 10:54:00
PAY000619,INV000152,2024-09-20,567.3,bank_transfer,TRX182236165,failed,2024-06-24 19:54:00
PAY000620,INV000576,2023-01-21,242.48,check,TRX648292001,completed,2025-07-01 15:30:00
PAY000621,INV000485,2024-12-08,189.35,direct_debit,TRX811237418,completed,2025-03-30 07:40:00
PAY000622,INV000230,2022-06-15,63.59,bank_transfer,TRX116154160,completed,2024-04-25 09:51:00
PAY000623,INV000532,2025-01-05,403.33,bank_transfer,TRX637513593,failed,2024-09-16 15:09:00
PAY000624,INV000149,2024-07-11,193.08,credit_card,TRX436303462,completed,2023-03-06 15:03:00
PAY000625,INV000320,2024-01-13,207.0,check,TRX893410057,pending,2025-01-26 10:07:00
PAY000626,INV000176,2022-07-09,373.4,direct_debit,TRX461076202,refunded,2024-06-05 14:38:00
PAY000627,INV000778,2022-09-14,106.0,bank_transfer,TRX275693103,completed,2023-06-10 11:01:00
PAY000628,INV000414,2024-12-28,136.64,bank_transfer,TRX960099249,completed,2025-08-09 08:49:00
PAY000629,INV000146,2024-02-16,63.06,direct_debit,TRX820030449,refunded,2025-06-08 21:49:00
PAY000630,INV000219,2022-08-15,315.98,direct_debit,TRX670367814,completed,2024-08-07 13:00:00
PAY000631,INV000699,2023-03-14,599.87,check,TRX350720568,completed,2023-04-07 16:43:00
PAY000632,INV000620,2023-11-29,138.53,bank_transfer,TRX637346357,failed,2023-01-02 08:33:00
PAY000633,INV000537,2025-06-23,426.17,bank_transfer,TRX729949812,pending,2025-01-04 06:25:00
PAY000634,INV000419,2024-04-18,446.84,bank_transfer,TRX931217357,completed,2023-12-13 09:52:00
PAY000635,INV000124,2022-03-19,348.29,direct_debit,TRX295147039,completed,2022-11-26 17:19:00
PAY000636,INV000219,2022-08-15,315.98,bank_transfer,TRX188327860,refunded,2023-01-17 13:55:00
PAY000637,INV000047,2024-05-11,206.81,direct_debit,TRX860459464,pending,2022-04-15 15:39:00
PAY000638,INV000785,2024-03-17,309.83,check,TRX104500357,completed,2024-10-14 10:06:00
PAY000639,INV000751,2024-01-29,363.12,check,TRX156770212,completed,2023-02-19 11:03:00
PAY000640,INV000735,2023-02-21,250.46,credit_card,TRX212780010,failed,2024-07-03 07:05:00
PAY000641,INV000114,2025-03-03,365.14,bank_transfer,TRX134825449,completed,2023-03-06 15:58:00
PAY000642,INV000498,2024-01-06,46.98,direct_debit,TRX358451662,completed,2025-11-13 21:47:00
PAY000643,INV000123,2023-07-31,559.31,check,TRX918113517,refunded,2025-02-10 19:02:00
PAY000644,INV000789,2024-07-02,316.6,direct_debit,TRX776823445,pending,2022-11-15 17:43:00
PAY000645,INV000752,2023-08-17,342.04,direct_debit,TRX874982328,failed,2023-06-14 09:37:00
PAY000646,INV000679,2022-10-13,45.5,bank_transfer,TRX783042112,pending,2024-12-08 16:55:00
PAY000647,INV000376,2023-12-23,52.9,direct_debit,TRX775046798,completed,2022-06-07 12:28:00
PAY000648,INV000349,2024-08-14,349.74,credit_card,TRX462599538,failed,2022-12-06 09:01:00
PAY000649,INV000492,2022-05-22,291.56,credit_card,TRX699267885,failed,2025-10-16 20:33:00
PAY000650,INV000786,2023-10-09,491.15,direct_debit,TRX606455944,completed,2024-08-16 07:45:00
PAY000651,INV000249,2024-06-29,62.94,check,TRX220206586,pending,2022-08-05 19:01:00
PAY000652,INV000582,2025-06-23,449.14,direct_debit,TRX936656658,failed,2024-08-20 10:08:00
PAY000653,INV000225,2022-09-08,599.0,check,TRX369846581,pending,2024-10-01 09:34:00
PAY000654,INV000222,2024-06-05,491.12,check,TRX463835270,completed,2022-03-24 20:56:00
PAY000655,INV000430,2023-06-15,424.26,direct_debit,TRX107488394,completed,2023-08-11 06:43:00
PAY000656,INV000761,2022-04-30,553.94,bank_transfer,TRX942219606,completed,2024-08-11 22:02:00
PAY000657,INV000017,2024-10-02,134.46,credit_card,TRX799362244,completed,2025-10-02 15:12:00
PAY000658,INV000156,2023-11-28,518.45,credit_card,TRX524408656,completed,2022-11-29 09:25:00
PAY000659,INV000619,2025-10-04,364.56,direct_debit,TRX947549530,pending,2025-05-18 18:35:00
PAY000660,INV000357,2022-09-10,83.84,check,TRX378723623,pending,2025-09-26 21:01:00
PAY000661,INV000401,2025-09-18,72.19,check,TRX832549899,refunded,2024-01-01 08:27:00
PAY000662,INV000662,2022-11-14,555.97,direct_debit,TRX364041505,failed,2024-01-17 10:05:00
PAY000663,INV000335,2023-11-27,61.84,direct_debit,TRX890059107,completed,2024-04-12 15:52:00
PAY000664,INV000166,2022-10-16,489.92,check,TRX178060639,completed,2024-09-10 06:13:00
PAY000665,INV000222,2024-06-05,491.12,bank_transfer,TRX149843804,refunded,2024-12-06 14:57:00
PAY000666,INV000187,2023-08-18,258.44,bank_transfer,TRX327505823,refunded,2025-11-24 09:39:00
PAY000667,INV000571,2025-04-26,78.02,credit_card,TRX720501769,completed,2023-08-14 15:32:00
PAY000668,INV000079,2022-09-25,351.65,credit_card,TRX125324302,completed,2023-09-10 09:47:00
PAY000669,INV000435,2023-09-10,97.39,direct_debit,TRX974076774,completed,2023-10-10 13:02:00
PAY000670,INV000171,2024-04-21,173.89,direct_debit,TRX495460140,completed,2024-02-12 21:46:00
PAY000671,INV000376,2023-12-23,52.9,check,TRX849778765,completed,2024-04-07 13:14:00
PAY000672,INV000698,2024-11-12,52.74,bank_transfer,TRX349830241,completed,2025-01-31 08:05:00
PAY000673,INV000006,2023-04-20,324.26,bank_transfer,TRX118335196,completed,2023-07-20 21:26:00
PAY000674,INV000276,2025-06-01,329.57,credit_card,TRX626760528,failed,2025-04-13 19:54:00
PAY000675,INV000145,2025-06-10,335.45,bank_transfer,TRX607298616,completed,2025-02-04 16:20:00
PAY000676,INV000786,2023-10-09,491.15,direct_debit,TRX246904781,failed,2022-06-06 20:58:00
PAY000677,INV000514,2024-04-25,301.31,bank_transfer,TRX966702929,completed,2022-10-02 13:37:00
PAY000678,INV000385,2022-12-05,135.11,check,TRX644053873,completed,2023-12-01 17:16:00
PAY000679,INV000186,2022-11-21,116.21,check,TRX786649106,completed,2025-10-07 20:10:00
PAY000680,INV000249,2024-06-29,62.94,check,TRX120251610,completed,2023-08-29 15:27:00
PAY000681,INV000796,2023-12-21,431.14,bank_transfer,TRX928608583,completed,2024-05-15 20:29:00
PAY000682,INV000160,2026-01-24,97.97,direct_debit,TRX484510222,completed,2024-06-23 09:01:00
PAY000683,INV000478,2022-04-02,345.78,credit_card,TRX165655153,failed,2024-08-07 09:23:00
PAY000684,INV000395,2024-08-30,384.6,bank_transfer,TRX910351552,refunded,2024-09-11 13:30:00
PAY000685,INV000696,2025-04-02,281.4,direct_debit,TRX332479101,completed,2024-09-23 16:19:00
PAY000686,INV000249,2024-06-29,62.94,direct_debit,TRX933563700,completed,2024-06-24 15:52:00
PAY000687,INV000091,2024-04-10,289.7,bank_transfer,TRX640365793,completed,2025-12-16 20:42:00
PAY000688,INV000208,2023-09-09,173.18,check,TRX153483663,completed,2025-02-26 11:21:00
PAY000689,INV000276,2025-06-01,329.57,check,TRX835782861,failed,2024-04-04 10:57:00
PAY000690,INV000467,2025-04-11,385.0,credit_card,TRX695927284,failed,2023-09-07 07:28:00
PAY000691,INV000428,2022-04-01,366.55,check,TRX369156658,completed,2022-01-22 20:41:00
PAY000692,INV000389,2024-12-22,191.15,credit_card,TRX254422158,pending,2022-05-19 12:21:00
PAY000693,INV000230,2022-06-15,63.59,check,TRX610980840,pending,2025-11-17 10:22:00
PAY000694,INV000642,2022-04-23,149.93,credit_card,TRX333955572,failed,2024-06-02 22:53:00
PAY000695,INV000498,2024-01-06,46.98,direct_debit,TRX536408368,refunded,2025-11-22 06:51:00
PAY000696,INV000282,2023-12-28,515.26,check,TRX734926925,refunded,2023-04-24 11:03:00
PAY000697,INV000731,2024-08-12,570.0,bank_transfer,TRX937703414,completed,2023-04-27 14:00:00
PAY000698,INV000353,2023-05-08,384.91,direct_debit,TRX837987225,failed,2025-05-21 10:30:00
PAY000699,INV000223,2025-10-26,220.21,check,TRX896935161,completed,2023-11-02 20:27:00
PAY000700,INV000275,2023-11-07,522.17,direct_debit,TRX437445494,completed,2025-10-28 16:26:00
